<metadata__catalog__entry>
  <version>5.2.0.0</version>
  <types class="tree-map">
    <entry>
      <org.mule.common.metadata.DefaultMetaDataKey>
        <id>GetRecentlyUpdatedAccounts</id>
        <displayName>GetRecentlyUpdatedAccounts</displayName>
        <category>DEFAULT</category>
        <metaDataKeyPropertiesManager>
          <properties>
            <org.mule.common.metadata.key.property.dsql.DsqlFromMetaDataKeyProperty/>
          </properties>
        </metaDataKeyPropertiesManager>
      </org.mule.common.metadata.DefaultMetaDataKey>
      <org.mule.common.metadata.DefaultXmlMetaDataModel>
        <dataType>XML</dataType>
        <metaDataModelPropertiesManager>
          <properties>
            <org.mule.common.metadata.property.TextBasedExampleMetaDataModelProperty/>
            <org.mule.common.metadata.property.xml.SchemaTypeMetaDataProperty/>
            <org.mule.common.metadata.property.StructureIdentifierMetaDataModelProperty>
              <metaDataKey class="org.mule.common.metadata.DefaultMetaDataKey">
                <id>GetRecentlyUpdatedAccounts</id>
                <displayName>GetRecentlyUpdatedAccounts</displayName>
                <category>DEFAULT</category>
                <metaDataKeyPropertiesManager>
                  <properties>
                    <org.mule.common.metadata.key.property.dsql.DsqlFromMetaDataKeyProperty/>
                  </properties>
                </metaDataKeyPropertiesManager>
              </metaDataKey>
              <derivedStructure>false</derivedStructure>
              <generatedStructure>false</generatedStructure>
            </org.mule.common.metadata.property.StructureIdentifierMetaDataModelProperty>
          </properties>
        </metaDataModelPropertiesManager>
        <fields/>
        <rootElement>
          <namespaceURI>http://tempuri.org/</namespaceURI>
          <localPart>GetRecentlyUpdatedAccounts</localPart>
          <prefix>ns0</prefix>
        </rootElement>
        <schemas class="org.mule.common.metadata.StringBasedSchemaProvider">
          <schemas>
            <string>&lt;?xml version=&quot;1.0&quot; encoding=&quot;UTF-8&quot;?&gt;&lt;xsd:schema xmlns:xsd=&quot;http://www.w3.org/2001/XMLSchema&quot; xmlns:msc=&quot;http://schemas.microsoft.com/ws/2005/12/wsdl/contract&quot; xmlns:soap=&quot;http://schemas.xmlsoap.org/wsdl/soap/&quot; xmlns:soap12=&quot;http://schemas.xmlsoap.org/wsdl/soap12/&quot; xmlns:soapenc=&quot;http://schemas.xmlsoap.org/soap/encoding/&quot; xmlns:tns=&quot;http://tempuri.org/&quot; xmlns:wsa=&quot;http://schemas.xmlsoap.org/ws/2004/08/addressing&quot; xmlns:wsa10=&quot;http://www.w3.org/2005/08/addressing&quot; xmlns:wsam=&quot;http://www.w3.org/2007/05/addressing/metadata&quot; xmlns:wsap=&quot;http://schemas.xmlsoap.org/ws/2004/08/addressing/policy&quot; xmlns:wsaw=&quot;http://www.w3.org/2006/05/addressing/wsdl&quot; xmlns:wsdl=&quot;http://schemas.xmlsoap.org/wsdl/&quot; xmlns:wsp=&quot;http://schemas.xmlsoap.org/ws/2004/09/policy&quot; xmlns:wsu=&quot;http://docs.oasis-open.org/wss/2004/01/oasis-200401-wss-wssecurity-utility-1.0.xsd&quot; xmlns:wsx=&quot;http://schemas.xmlsoap.org/ws/2004/09/mex&quot; targetNamespace=&quot;http://tempuri.org/Imports&quot;&gt;&lt;xsd:import namespace=&quot;http://tempuri.org/&quot; schemaLocation=&quot;http://localhost:9000/TestService.svc?xsd=xsd0&quot;/&gt;&lt;xsd:import namespace=&quot;http://schemas.microsoft.com/2003/10/Serialization/&quot; schemaLocation=&quot;http://localhost:9000/TestService.svc?xsd=xsd1&quot;/&gt;&lt;xsd:import namespace=&quot;http://schemas.datacontract.org/2004/07/WCFTest&quot; schemaLocation=&quot;http://localhost:9000/TestService.svc?xsd=xsd2&quot;/&gt;&lt;/xsd:schema&gt;</string>
          </schemas>
          <encoding>windows-1252</encoding>
          <baseUri>http://localhost:9000/TestService.svc?wsdl</baseUri>
        </schemas>
        <namespaceManager>
          <namespacePrefix>
            <entry>
              <string>http://tempuri.org/</string>
              <string>ns0</string>
            </entry>
          </namespacePrefix>
        </namespaceManager>
      </org.mule.common.metadata.DefaultXmlMetaDataModel>
    </entry>
    <entry>
      <org.mule.common.metadata.DefaultMetaDataKey>
        <id>GetRecentlyUpdatedAccountsResponse</id>
        <displayName>GetRecentlyUpdatedAccountsResponse</displayName>
        <category>DEFAULT</category>
        <metaDataKeyPropertiesManager>
          <properties>
            <org.mule.common.metadata.key.property.dsql.DsqlFromMetaDataKeyProperty/>
          </properties>
        </metaDataKeyPropertiesManager>
      </org.mule.common.metadata.DefaultMetaDataKey>
      <org.mule.common.metadata.DefaultXmlMetaDataModel>
        <dataType>XML</dataType>
        <metaDataModelPropertiesManager>
          <properties>
            <org.mule.common.metadata.property.TextBasedExampleMetaDataModelProperty/>
            <org.mule.common.metadata.property.xml.SchemaTypeMetaDataProperty/>
            <org.mule.common.metadata.property.StructureIdentifierMetaDataModelProperty>
              <metaDataKey class="org.mule.common.metadata.DefaultMetaDataKey">
                <id>GetRecentlyUpdatedAccountsResponse</id>
                <displayName>GetRecentlyUpdatedAccountsResponse</displayName>
                <category>DEFAULT</category>
                <metaDataKeyPropertiesManager>
                  <properties>
                    <org.mule.common.metadata.key.property.dsql.DsqlFromMetaDataKeyProperty/>
                  </properties>
                </metaDataKeyPropertiesManager>
              </metaDataKey>
              <derivedStructure>false</derivedStructure>
              <generatedStructure>false</generatedStructure>
            </org.mule.common.metadata.property.StructureIdentifierMetaDataModelProperty>
          </properties>
        </metaDataModelPropertiesManager>
        <fields>
          <org.mule.common.metadata.DefaultMetaDataField>
            <name>ns0:GetRecentlyUpdatedAccountsResult</name>
            <model class="org.mule.common.metadata.DefaultXmlMetaDataModel">
              <dataType>XML</dataType>
              <metaDataModelPropertiesManager>
                <properties>
                  <org.mule.common.metadata.property.xml.SchemaTypeMetaDataProperty>
                    <typeQName>
                      <namespaceURI>http://schemas.datacontract.org/2004/07/WCFTest</namespaceURI>
                      <localPart>ArrayOfAccount</localPart>
                      <prefix></prefix>
                    </typeQName>
                  </org.mule.common.metadata.property.xml.SchemaTypeMetaDataProperty>
                </properties>
              </metaDataModelPropertiesManager>
              <fields>
                <org.mule.common.metadata.DefaultMetaDataField>
                  <name>ns1:Account</name>
                  <model class="org.mule.common.metadata.DefaultListMetaDataModel">
                    <dataType>LIST</dataType>
                    <metaDataModelPropertiesManager>
                      <properties>
                        <org.mule.common.metadata.property.xml.SchemaTypeMetaDataProperty>
                          <typeQName>
                            <namespaceURI>http://schemas.datacontract.org/2004/07/WCFTest</namespaceURI>
                            <localPart>Account</localPart>
                            <prefix></prefix>
                          </typeQName>
                        </org.mule.common.metadata.property.xml.SchemaTypeMetaDataProperty>
                        <org.mule.common.metadata.property.xml.UnboundMetaDataProperty>
                          <maxOccurs>2147483647</maxOccurs>
                          <minOccurs>0</minOccurs>
                        </org.mule.common.metadata.property.xml.UnboundMetaDataProperty>
                      </properties>
                    </metaDataModelPropertiesManager>
                    <model class="org.mule.common.metadata.DefaultXmlMetaDataModel">
                      <dataType>XML</dataType>
                      <metaDataModelPropertiesManager>
                        <properties/>
                      </metaDataModelPropertiesManager>
                      <fields>
                        <org.mule.common.metadata.DefaultMetaDataField>
                          <name>ns1:AccountName</name>
                          <model class="org.mule.common.metadata.DefaultSimpleMetaDataModel">
                            <dataType>STRING</dataType>
                            <metaDataModelPropertiesManager>
                              <properties>
                                <org.mule.common.metadata.property.xml.SchemaTypeMetaDataProperty>
                                  <typeQName>
                                    <namespaceURI>http://www.w3.org/2001/XMLSchema</namespaceURI>
                                    <localPart>string</localPart>
                                    <prefix></prefix>
                                  </typeQName>
                                </org.mule.common.metadata.property.xml.SchemaTypeMetaDataProperty>
                              </properties>
                            </metaDataModelPropertiesManager>
                          </model>
                          <accessType>READ_WRITE</accessType>
                          <metaDataFieldPropertyManager>
                            <properties>
                              <org.mule.common.metadata.property.QNameMetaDataProperty>
                                <name>
                                  <namespaceURI>http://schemas.datacontract.org/2004/07/WCFTest</namespaceURI>
                                  <localPart>AccountName</localPart>
                                  <prefix>ns1</prefix>
                                </name>
                              </org.mule.common.metadata.property.QNameMetaDataProperty>
                            </properties>
                          </metaDataFieldPropertyManager>
                        </org.mule.common.metadata.DefaultMetaDataField>
                        <org.mule.common.metadata.DefaultMetaDataField>
                          <name>ns1:Address1</name>
                          <model class="org.mule.common.metadata.DefaultSimpleMetaDataModel">
                            <dataType>STRING</dataType>
                            <metaDataModelPropertiesManager>
                              <properties>
                                <org.mule.common.metadata.property.xml.SchemaTypeMetaDataProperty>
                                  <typeQName reference="../../../../../../org.mule.common.metadata.DefaultMetaDataField/model/metaDataModelPropertiesManager/properties/org.mule.common.metadata.property.xml.SchemaTypeMetaDataProperty/typeQName"/>
                                </org.mule.common.metadata.property.xml.SchemaTypeMetaDataProperty>
                              </properties>
                            </metaDataModelPropertiesManager>
                          </model>
                          <accessType>READ_WRITE</accessType>
                          <metaDataFieldPropertyManager>
                            <properties>
                              <org.mule.common.metadata.property.QNameMetaDataProperty>
                                <name>
                                  <namespaceURI>http://schemas.datacontract.org/2004/07/WCFTest</namespaceURI>
                                  <localPart>Address1</localPart>
                                  <prefix>ns1</prefix>
                                </name>
                              </org.mule.common.metadata.property.QNameMetaDataProperty>
                            </properties>
                          </metaDataFieldPropertyManager>
                        </org.mule.common.metadata.DefaultMetaDataField>
                        <org.mule.common.metadata.DefaultMetaDataField>
                          <name>ns1:City</name>
                          <model class="org.mule.common.metadata.DefaultSimpleMetaDataModel">
                            <dataType>STRING</dataType>
                            <metaDataModelPropertiesManager>
                              <properties>
                                <org.mule.common.metadata.property.xml.SchemaTypeMetaDataProperty>
                                  <typeQName reference="../../../../../../org.mule.common.metadata.DefaultMetaDataField/model/metaDataModelPropertiesManager/properties/org.mule.common.metadata.property.xml.SchemaTypeMetaDataProperty/typeQName"/>
                                </org.mule.common.metadata.property.xml.SchemaTypeMetaDataProperty>
                              </properties>
                            </metaDataModelPropertiesManager>
                          </model>
                          <accessType>READ_WRITE</accessType>
                          <metaDataFieldPropertyManager>
                            <properties>
                              <org.mule.common.metadata.property.QNameMetaDataProperty>
                                <name>
                                  <namespaceURI>http://schemas.datacontract.org/2004/07/WCFTest</namespaceURI>
                                  <localPart>City</localPart>
                                  <prefix>ns1</prefix>
                                </name>
                              </org.mule.common.metadata.property.QNameMetaDataProperty>
                            </properties>
                          </metaDataFieldPropertyManager>
                        </org.mule.common.metadata.DefaultMetaDataField>
                        <org.mule.common.metadata.DefaultMetaDataField>
                          <name>ns1:PartyNumber</name>
                          <model class="org.mule.common.metadata.DefaultSimpleMetaDataModel">
                            <dataType>STRING</dataType>
                            <metaDataModelPropertiesManager>
                              <properties>
                                <org.mule.common.metadata.property.xml.SchemaTypeMetaDataProperty>
                                  <typeQName reference="../../../../../../org.mule.common.metadata.DefaultMetaDataField/model/metaDataModelPropertiesManager/properties/org.mule.common.metadata.property.xml.SchemaTypeMetaDataProperty/typeQName"/>
                                </org.mule.common.metadata.property.xml.SchemaTypeMetaDataProperty>
                              </properties>
                            </metaDataModelPropertiesManager>
                          </model>
                          <accessType>READ_WRITE</accessType>
                          <metaDataFieldPropertyManager>
                            <properties>
                              <org.mule.common.metadata.property.QNameMetaDataProperty>
                                <name>
                                  <namespaceURI>http://schemas.datacontract.org/2004/07/WCFTest</namespaceURI>
                                  <localPart>PartyNumber</localPart>
                                  <prefix>ns1</prefix>
                                </name>
                              </org.mule.common.metadata.property.QNameMetaDataProperty>
                            </properties>
                          </metaDataFieldPropertyManager>
                        </org.mule.common.metadata.DefaultMetaDataField>
                        <org.mule.common.metadata.DefaultMetaDataField>
                          <name>ns1:State</name>
                          <model class="org.mule.common.metadata.DefaultSimpleMetaDataModel">
                            <dataType>STRING</dataType>
                            <metaDataModelPropertiesManager>
                              <properties>
                                <org.mule.common.metadata.property.xml.SchemaTypeMetaDataProperty>
                                  <typeQName reference="../../../../../../org.mule.common.metadata.DefaultMetaDataField/model/metaDataModelPropertiesManager/properties/org.mule.common.metadata.property.xml.SchemaTypeMetaDataProperty/typeQName"/>
                                </org.mule.common.metadata.property.xml.SchemaTypeMetaDataProperty>
                              </properties>
                            </metaDataModelPropertiesManager>
                          </model>
                          <accessType>READ_WRITE</accessType>
                          <metaDataFieldPropertyManager>
                            <properties>
                              <org.mule.common.metadata.property.QNameMetaDataProperty>
                                <name>
                                  <namespaceURI>http://schemas.datacontract.org/2004/07/WCFTest</namespaceURI>
                                  <localPart>State</localPart>
                                  <prefix>ns1</prefix>
                                </name>
                              </org.mule.common.metadata.property.QNameMetaDataProperty>
                            </properties>
                          </metaDataFieldPropertyManager>
                        </org.mule.common.metadata.DefaultMetaDataField>
                        <org.mule.common.metadata.DefaultMetaDataField>
                          <name>ns1:ZipCode</name>
                          <model class="org.mule.common.metadata.DefaultSimpleMetaDataModel">
                            <dataType>STRING</dataType>
                            <metaDataModelPropertiesManager>
                              <properties>
                                <org.mule.common.metadata.property.xml.SchemaTypeMetaDataProperty>
                                  <typeQName reference="../../../../../../org.mule.common.metadata.DefaultMetaDataField/model/metaDataModelPropertiesManager/properties/org.mule.common.metadata.property.xml.SchemaTypeMetaDataProperty/typeQName"/>
                                </org.mule.common.metadata.property.xml.SchemaTypeMetaDataProperty>
                              </properties>
                            </metaDataModelPropertiesManager>
                          </model>
                          <accessType>READ_WRITE</accessType>
                          <metaDataFieldPropertyManager>
                            <properties>
                              <org.mule.common.metadata.property.QNameMetaDataProperty>
                                <name>
                                  <namespaceURI>http://schemas.datacontract.org/2004/07/WCFTest</namespaceURI>
                                  <localPart>ZipCode</localPart>
                                  <prefix>ns1</prefix>
                                </name>
                              </org.mule.common.metadata.property.QNameMetaDataProperty>
                            </properties>
                          </metaDataFieldPropertyManager>
                        </org.mule.common.metadata.DefaultMetaDataField>
                      </fields>
                      <rootElement>
                        <namespaceURI>http://tempuri.org/</namespaceURI>
                        <localPart>GetRecentlyUpdatedAccountsResponse</localPart>
                        <prefix>ns0</prefix>
                      </rootElement>
                      <schemas class="org.mule.common.metadata.StringBasedSchemaProvider">
                        <schemas>
                          <string>&lt;?xml version=&quot;1.0&quot; encoding=&quot;UTF-8&quot;?&gt;&lt;xsd:schema xmlns:xsd=&quot;http://www.w3.org/2001/XMLSchema&quot; xmlns:msc=&quot;http://schemas.microsoft.com/ws/2005/12/wsdl/contract&quot; xmlns:soap=&quot;http://schemas.xmlsoap.org/wsdl/soap/&quot; xmlns:soap12=&quot;http://schemas.xmlsoap.org/wsdl/soap12/&quot; xmlns:soapenc=&quot;http://schemas.xmlsoap.org/soap/encoding/&quot; xmlns:tns=&quot;http://tempuri.org/&quot; xmlns:wsa=&quot;http://schemas.xmlsoap.org/ws/2004/08/addressing&quot; xmlns:wsa10=&quot;http://www.w3.org/2005/08/addressing&quot; xmlns:wsam=&quot;http://www.w3.org/2007/05/addressing/metadata&quot; xmlns:wsap=&quot;http://schemas.xmlsoap.org/ws/2004/08/addressing/policy&quot; xmlns:wsaw=&quot;http://www.w3.org/2006/05/addressing/wsdl&quot; xmlns:wsdl=&quot;http://schemas.xmlsoap.org/wsdl/&quot; xmlns:wsp=&quot;http://schemas.xmlsoap.org/ws/2004/09/policy&quot; xmlns:wsu=&quot;http://docs.oasis-open.org/wss/2004/01/oasis-200401-wss-wssecurity-utility-1.0.xsd&quot; xmlns:wsx=&quot;http://schemas.xmlsoap.org/ws/2004/09/mex&quot; targetNamespace=&quot;http://tempuri.org/Imports&quot;&gt;&lt;xsd:import namespace=&quot;http://tempuri.org/&quot; schemaLocation=&quot;http://localhost:9000/TestService.svc?xsd=xsd0&quot;/&gt;&lt;xsd:import namespace=&quot;http://schemas.microsoft.com/2003/10/Serialization/&quot; schemaLocation=&quot;http://localhost:9000/TestService.svc?xsd=xsd1&quot;/&gt;&lt;xsd:import namespace=&quot;http://schemas.datacontract.org/2004/07/WCFTest&quot; schemaLocation=&quot;http://localhost:9000/TestService.svc?xsd=xsd2&quot;/&gt;&lt;/xsd:schema&gt;</string>
                        </schemas>
                        <encoding reference="../../../../../../../../../../../entry/org.mule.common.metadata.DefaultXmlMetaDataModel/schemas/encoding"/>
                        <baseUri>http://localhost:9000/TestService.svc?wsdl</baseUri>
                      </schemas>
                      <namespaceManager>
                        <namespacePrefix>
                          <entry>
                            <string>http://tempuri.org/</string>
                            <string>ns0</string>
                          </entry>
                          <entry>
                            <string>http://schemas.datacontract.org/2004/07/WCFTest</string>
                            <string>ns1</string>
                          </entry>
                        </namespacePrefix>
                      </namespaceManager>
                    </model>
                    <isArray>false</isArray>
                  </model>
                  <accessType>READ_WRITE</accessType>
                  <metaDataFieldPropertyManager>
                    <properties>
                      <org.mule.common.metadata.property.QNameMetaDataProperty>
                        <name>
                          <namespaceURI>http://schemas.datacontract.org/2004/07/WCFTest</namespaceURI>
                          <localPart>Account</localPart>
                          <prefix>ns1</prefix>
                        </name>
                      </org.mule.common.metadata.property.QNameMetaDataProperty>
                    </properties>
                  </metaDataFieldPropertyManager>
                </org.mule.common.metadata.DefaultMetaDataField>
              </fields>
              <rootElement>
                <namespaceURI>http://tempuri.org/</namespaceURI>
                <localPart>GetRecentlyUpdatedAccountsResponse</localPart>
                <prefix>ns0</prefix>
              </rootElement>
              <schemas class="org.mule.common.metadata.StringBasedSchemaProvider" reference="../fields/org.mule.common.metadata.DefaultMetaDataField/model/model/schemas"/>
              <namespaceManager reference="../fields/org.mule.common.metadata.DefaultMetaDataField/model/model/namespaceManager"/>
            </model>
            <accessType>READ_WRITE</accessType>
            <metaDataFieldPropertyManager>
              <properties>
                <org.mule.common.metadata.property.QNameMetaDataProperty>
                  <name>
                    <namespaceURI>http://tempuri.org/</namespaceURI>
                    <localPart>GetRecentlyUpdatedAccountsResult</localPart>
                    <prefix>ns0</prefix>
                  </name>
                </org.mule.common.metadata.property.QNameMetaDataProperty>
              </properties>
            </metaDataFieldPropertyManager>
          </org.mule.common.metadata.DefaultMetaDataField>
        </fields>
        <rootElement>
          <namespaceURI>http://tempuri.org/</namespaceURI>
          <localPart>GetRecentlyUpdatedAccountsResponse</localPart>
          <prefix>ns0</prefix>
        </rootElement>
        <schemas class="org.mule.common.metadata.StringBasedSchemaProvider">
          <schemas reference="../../fields/org.mule.common.metadata.DefaultMetaDataField/model/fields/org.mule.common.metadata.DefaultMetaDataField/model/model/schemas/schemas"/>
          <encoding reference="../../../../entry/org.mule.common.metadata.DefaultXmlMetaDataModel/schemas/encoding"/>
          <baseUri>http://localhost:9000/TestService.svc?wsdl</baseUri>
        </schemas>
        <namespaceManager reference="../fields/org.mule.common.metadata.DefaultMetaDataField/model/fields/org.mule.common.metadata.DefaultMetaDataField/model/model/namespaceManager"/>
      </org.mule.common.metadata.DefaultXmlMetaDataModel>
    </entry>
    <entry>
      <org.mule.common.metadata.DefaultMetaDataKey>
        <id>GetRecentlyUpdatedSOIDS</id>
        <displayName>GetRecentlyUpdatedSOIDS</displayName>
        <category>DEFAULT</category>
        <metaDataKeyPropertiesManager>
          <properties>
            <org.mule.common.metadata.key.property.dsql.DsqlFromMetaDataKeyProperty/>
          </properties>
        </metaDataKeyPropertiesManager>
      </org.mule.common.metadata.DefaultMetaDataKey>
      <org.mule.common.metadata.DefaultXmlMetaDataModel>
        <dataType>XML</dataType>
        <metaDataModelPropertiesManager>
          <properties>
            <org.mule.common.metadata.property.TextBasedExampleMetaDataModelProperty/>
            <org.mule.common.metadata.property.xml.SchemaTypeMetaDataProperty/>
            <org.mule.common.metadata.property.StructureIdentifierMetaDataModelProperty>
              <metaDataKey class="org.mule.common.metadata.DefaultMetaDataKey" reference="../../../../../org.mule.common.metadata.DefaultMetaDataKey"/>
              <derivedStructure>false</derivedStructure>
              <generatedStructure>false</generatedStructure>
            </org.mule.common.metadata.property.StructureIdentifierMetaDataModelProperty>
          </properties>
        </metaDataModelPropertiesManager>
        <fields/>
        <rootElement>
          <namespaceURI>http://tempuri.org/</namespaceURI>
          <localPart>GetRecentlyUpdatedSOIDS</localPart>
          <prefix>ns0</prefix>
        </rootElement>
        <schemas class="org.mule.common.metadata.StringBasedSchemaProvider">
          <schemas>
            <string>&lt;?xml version=&quot;1.0&quot; encoding=&quot;UTF-8&quot;?&gt;&lt;xsd:schema xmlns:xsd=&quot;http://www.w3.org/2001/XMLSchema&quot; xmlns:msc=&quot;http://schemas.microsoft.com/ws/2005/12/wsdl/contract&quot; xmlns:soap=&quot;http://schemas.xmlsoap.org/wsdl/soap/&quot; xmlns:soap12=&quot;http://schemas.xmlsoap.org/wsdl/soap12/&quot; xmlns:soapenc=&quot;http://schemas.xmlsoap.org/soap/encoding/&quot; xmlns:tns=&quot;http://tempuri.org/&quot; xmlns:wsa=&quot;http://schemas.xmlsoap.org/ws/2004/08/addressing&quot; xmlns:wsa10=&quot;http://www.w3.org/2005/08/addressing&quot; xmlns:wsam=&quot;http://www.w3.org/2007/05/addressing/metadata&quot; xmlns:wsap=&quot;http://schemas.xmlsoap.org/ws/2004/08/addressing/policy&quot; xmlns:wsaw=&quot;http://www.w3.org/2006/05/addressing/wsdl&quot; xmlns:wsdl=&quot;http://schemas.xmlsoap.org/wsdl/&quot; xmlns:wsp=&quot;http://schemas.xmlsoap.org/ws/2004/09/policy&quot; xmlns:wsu=&quot;http://docs.oasis-open.org/wss/2004/01/oasis-200401-wss-wssecurity-utility-1.0.xsd&quot; xmlns:wsx=&quot;http://schemas.xmlsoap.org/ws/2004/09/mex&quot; targetNamespace=&quot;http://tempuri.org/Imports&quot;&gt;&lt;xsd:import namespace=&quot;http://tempuri.org/&quot; schemaLocation=&quot;http://localhost:9000/TestService.svc?xsd=xsd0&quot;/&gt;&lt;xsd:import namespace=&quot;http://schemas.microsoft.com/2003/10/Serialization/&quot; schemaLocation=&quot;http://localhost:9000/TestService.svc?xsd=xsd1&quot;/&gt;&lt;xsd:import namespace=&quot;http://schemas.datacontract.org/2004/07/WCFTest&quot; schemaLocation=&quot;http://localhost:9000/TestService.svc?xsd=xsd2&quot;/&gt;&lt;/xsd:schema&gt;</string>
          </schemas>
          <encoding reference="../../../../entry/org.mule.common.metadata.DefaultXmlMetaDataModel/schemas/encoding"/>
          <baseUri>http://localhost:9000/TestService.svc?wsdl</baseUri>
        </schemas>
        <namespaceManager>
          <namespacePrefix>
            <entry>
              <string>http://tempuri.org/</string>
              <string>ns0</string>
            </entry>
          </namespacePrefix>
        </namespaceManager>
      </org.mule.common.metadata.DefaultXmlMetaDataModel>
    </entry>
    <entry>
      <org.mule.common.metadata.DefaultMetaDataKey>
        <id>GetRecentlyUpdatedSOIDSResponse</id>
        <displayName>GetRecentlyUpdatedSOIDSResponse</displayName>
        <category>DEFAULT</category>
        <metaDataKeyPropertiesManager>
          <properties>
            <org.mule.common.metadata.key.property.dsql.DsqlFromMetaDataKeyProperty/>
          </properties>
        </metaDataKeyPropertiesManager>
      </org.mule.common.metadata.DefaultMetaDataKey>
      <org.mule.common.metadata.DefaultXmlMetaDataModel>
        <dataType>XML</dataType>
        <metaDataModelPropertiesManager>
          <properties>
            <org.mule.common.metadata.property.TextBasedExampleMetaDataModelProperty/>
            <org.mule.common.metadata.property.xml.SchemaTypeMetaDataProperty/>
            <org.mule.common.metadata.property.StructureIdentifierMetaDataModelProperty>
              <metaDataKey class="org.mule.common.metadata.DefaultMetaDataKey" reference="../../../../../org.mule.common.metadata.DefaultMetaDataKey"/>
              <derivedStructure>false</derivedStructure>
              <generatedStructure>false</generatedStructure>
            </org.mule.common.metadata.property.StructureIdentifierMetaDataModelProperty>
          </properties>
        </metaDataModelPropertiesManager>
        <fields>
          <org.mule.common.metadata.DefaultMetaDataField>
            <name>ns0:GetRecentlyUpdatedSOIDSResult</name>
            <model class="org.mule.common.metadata.DefaultXmlMetaDataModel">
              <dataType>XML</dataType>
              <metaDataModelPropertiesManager>
                <properties>
                  <org.mule.common.metadata.property.xml.SchemaTypeMetaDataProperty>
                    <typeQName>
                      <namespaceURI>http://schemas.datacontract.org/2004/07/WCFTest</namespaceURI>
                      <localPart>ArrayOfSOID</localPart>
                      <prefix></prefix>
                    </typeQName>
                  </org.mule.common.metadata.property.xml.SchemaTypeMetaDataProperty>
                </properties>
              </metaDataModelPropertiesManager>
              <fields>
                <org.mule.common.metadata.DefaultMetaDataField>
                  <name>ns1:SOID</name>
                  <model class="org.mule.common.metadata.DefaultListMetaDataModel">
                    <dataType>LIST</dataType>
                    <metaDataModelPropertiesManager>
                      <properties>
                        <org.mule.common.metadata.property.xml.SchemaTypeMetaDataProperty>
                          <typeQName>
                            <namespaceURI>http://schemas.datacontract.org/2004/07/WCFTest</namespaceURI>
                            <localPart>SOID</localPart>
                            <prefix></prefix>
                          </typeQName>
                        </org.mule.common.metadata.property.xml.SchemaTypeMetaDataProperty>
                        <org.mule.common.metadata.property.xml.UnboundMetaDataProperty>
                          <maxOccurs>2147483647</maxOccurs>
                          <minOccurs>0</minOccurs>
                        </org.mule.common.metadata.property.xml.UnboundMetaDataProperty>
                      </properties>
                    </metaDataModelPropertiesManager>
                    <model class="org.mule.common.metadata.DefaultXmlMetaDataModel">
                      <dataType>XML</dataType>
                      <metaDataModelPropertiesManager>
                        <properties/>
                      </metaDataModelPropertiesManager>
                      <fields>
                        <org.mule.common.metadata.DefaultMetaDataField>
                          <name>ns1:City</name>
                          <model class="org.mule.common.metadata.DefaultSimpleMetaDataModel">
                            <dataType>STRING</dataType>
                            <metaDataModelPropertiesManager>
                              <properties>
                                <org.mule.common.metadata.property.xml.SchemaTypeMetaDataProperty>
                                  <typeQName>
                                    <namespaceURI>http://www.w3.org/2001/XMLSchema</namespaceURI>
                                    <localPart>string</localPart>
                                    <prefix></prefix>
                                  </typeQName>
                                </org.mule.common.metadata.property.xml.SchemaTypeMetaDataProperty>
                              </properties>
                            </metaDataModelPropertiesManager>
                          </model>
                          <accessType>READ_WRITE</accessType>
                          <metaDataFieldPropertyManager>
                            <properties>
                              <org.mule.common.metadata.property.QNameMetaDataProperty>
                                <name>
                                  <namespaceURI>http://schemas.datacontract.org/2004/07/WCFTest</namespaceURI>
                                  <localPart>City</localPart>
                                  <prefix>ns1</prefix>
                                </name>
                              </org.mule.common.metadata.property.QNameMetaDataProperty>
                            </properties>
                          </metaDataFieldPropertyManager>
                        </org.mule.common.metadata.DefaultMetaDataField>
                        <org.mule.common.metadata.DefaultMetaDataField>
                          <name>ns1:Customer</name>
                          <model class="org.mule.common.metadata.DefaultSimpleMetaDataModel">
                            <dataType>STRING</dataType>
                            <metaDataModelPropertiesManager>
                              <properties>
                                <org.mule.common.metadata.property.xml.SchemaTypeMetaDataProperty>
                                  <typeQName reference="../../../../../../org.mule.common.metadata.DefaultMetaDataField/model/metaDataModelPropertiesManager/properties/org.mule.common.metadata.property.xml.SchemaTypeMetaDataProperty/typeQName"/>
                                </org.mule.common.metadata.property.xml.SchemaTypeMetaDataProperty>
                              </properties>
                            </metaDataModelPropertiesManager>
                          </model>
                          <accessType>READ_WRITE</accessType>
                          <metaDataFieldPropertyManager>
                            <properties>
                              <org.mule.common.metadata.property.QNameMetaDataProperty>
                                <name>
                                  <namespaceURI>http://schemas.datacontract.org/2004/07/WCFTest</namespaceURI>
                                  <localPart>Customer</localPart>
                                  <prefix>ns1</prefix>
                                </name>
                              </org.mule.common.metadata.property.QNameMetaDataProperty>
                            </properties>
                          </metaDataFieldPropertyManager>
                        </org.mule.common.metadata.DefaultMetaDataField>
                        <org.mule.common.metadata.DefaultMetaDataField>
                          <name>ns1:CustomerNumber</name>
                          <model class="org.mule.common.metadata.DefaultSimpleMetaDataModel">
                            <dataType>STRING</dataType>
                            <metaDataModelPropertiesManager>
                              <properties>
                                <org.mule.common.metadata.property.xml.SchemaTypeMetaDataProperty>
                                  <typeQName reference="../../../../../../org.mule.common.metadata.DefaultMetaDataField/model/metaDataModelPropertiesManager/properties/org.mule.common.metadata.property.xml.SchemaTypeMetaDataProperty/typeQName"/>
                                </org.mule.common.metadata.property.xml.SchemaTypeMetaDataProperty>
                              </properties>
                            </metaDataModelPropertiesManager>
                          </model>
                          <accessType>READ_WRITE</accessType>
                          <metaDataFieldPropertyManager>
                            <properties>
                              <org.mule.common.metadata.property.QNameMetaDataProperty>
                                <name>
                                  <namespaceURI>http://schemas.datacontract.org/2004/07/WCFTest</namespaceURI>
                                  <localPart>CustomerNumber</localPart>
                                  <prefix>ns1</prefix>
                                </name>
                              </org.mule.common.metadata.property.QNameMetaDataProperty>
                            </properties>
                          </metaDataFieldPropertyManager>
                        </org.mule.common.metadata.DefaultMetaDataField>
                        <org.mule.common.metadata.DefaultMetaDataField>
                          <name>ns1:InvoiceNumber</name>
                          <model class="org.mule.common.metadata.DefaultSimpleMetaDataModel">
                            <dataType>STRING</dataType>
                            <metaDataModelPropertiesManager>
                              <properties>
                                <org.mule.common.metadata.property.xml.SchemaTypeMetaDataProperty>
                                  <typeQName reference="../../../../../../org.mule.common.metadata.DefaultMetaDataField/model/metaDataModelPropertiesManager/properties/org.mule.common.metadata.property.xml.SchemaTypeMetaDataProperty/typeQName"/>
                                </org.mule.common.metadata.property.xml.SchemaTypeMetaDataProperty>
                              </properties>
                            </metaDataModelPropertiesManager>
                          </model>
                          <accessType>READ_WRITE</accessType>
                          <metaDataFieldPropertyManager>
                            <properties>
                              <org.mule.common.metadata.property.QNameMetaDataProperty>
                                <name>
                                  <namespaceURI>http://schemas.datacontract.org/2004/07/WCFTest</namespaceURI>
                                  <localPart>InvoiceNumber</localPart>
                                  <prefix>ns1</prefix>
                                </name>
                              </org.mule.common.metadata.property.QNameMetaDataProperty>
                            </properties>
                          </metaDataFieldPropertyManager>
                        </org.mule.common.metadata.DefaultMetaDataField>
                        <org.mule.common.metadata.DefaultMetaDataField>
                          <name>ns1:Opportunity</name>
                          <model class="org.mule.common.metadata.DefaultSimpleMetaDataModel">
                            <dataType>STRING</dataType>
                            <metaDataModelPropertiesManager>
                              <properties>
                                <org.mule.common.metadata.property.xml.SchemaTypeMetaDataProperty>
                                  <typeQName reference="../../../../../../org.mule.common.metadata.DefaultMetaDataField/model/metaDataModelPropertiesManager/properties/org.mule.common.metadata.property.xml.SchemaTypeMetaDataProperty/typeQName"/>
                                </org.mule.common.metadata.property.xml.SchemaTypeMetaDataProperty>
                              </properties>
                            </metaDataModelPropertiesManager>
                          </model>
                          <accessType>READ_WRITE</accessType>
                          <metaDataFieldPropertyManager>
                            <properties>
                              <org.mule.common.metadata.property.QNameMetaDataProperty>
                                <name>
                                  <namespaceURI>http://schemas.datacontract.org/2004/07/WCFTest</namespaceURI>
                                  <localPart>Opportunity</localPart>
                                  <prefix>ns1</prefix>
                                </name>
                              </org.mule.common.metadata.property.QNameMetaDataProperty>
                            </properties>
                          </metaDataFieldPropertyManager>
                        </org.mule.common.metadata.DefaultMetaDataField>
                        <org.mule.common.metadata.DefaultMetaDataField>
                          <name>ns1:Owner</name>
                          <model class="org.mule.common.metadata.DefaultSimpleMetaDataModel">
                            <dataType>STRING</dataType>
                            <metaDataModelPropertiesManager>
                              <properties>
                                <org.mule.common.metadata.property.xml.SchemaTypeMetaDataProperty>
                                  <typeQName reference="../../../../../../org.mule.common.metadata.DefaultMetaDataField/model/metaDataModelPropertiesManager/properties/org.mule.common.metadata.property.xml.SchemaTypeMetaDataProperty/typeQName"/>
                                </org.mule.common.metadata.property.xml.SchemaTypeMetaDataProperty>
                              </properties>
                            </metaDataModelPropertiesManager>
                          </model>
                          <accessType>READ_WRITE</accessType>
                          <metaDataFieldPropertyManager>
                            <properties>
                              <org.mule.common.metadata.property.QNameMetaDataProperty>
                                <name>
                                  <namespaceURI>http://schemas.datacontract.org/2004/07/WCFTest</namespaceURI>
                                  <localPart>Owner</localPart>
                                  <prefix>ns1</prefix>
                                </name>
                              </org.mule.common.metadata.property.QNameMetaDataProperty>
                            </properties>
                          </metaDataFieldPropertyManager>
                        </org.mule.common.metadata.DefaultMetaDataField>
                        <org.mule.common.metadata.DefaultMetaDataField>
                          <name>ns1:SOIDNumber</name>
                          <model class="org.mule.common.metadata.DefaultSimpleMetaDataModel">
                            <dataType>STRING</dataType>
                            <metaDataModelPropertiesManager>
                              <properties>
                                <org.mule.common.metadata.property.xml.SchemaTypeMetaDataProperty>
                                  <typeQName reference="../../../../../../org.mule.common.metadata.DefaultMetaDataField/model/metaDataModelPropertiesManager/properties/org.mule.common.metadata.property.xml.SchemaTypeMetaDataProperty/typeQName"/>
                                </org.mule.common.metadata.property.xml.SchemaTypeMetaDataProperty>
                              </properties>
                            </metaDataModelPropertiesManager>
                          </model>
                          <accessType>READ_WRITE</accessType>
                          <metaDataFieldPropertyManager>
                            <properties>
                              <org.mule.common.metadata.property.QNameMetaDataProperty>
                                <name>
                                  <namespaceURI>http://schemas.datacontract.org/2004/07/WCFTest</namespaceURI>
                                  <localPart>SOIDNumber</localPart>
                                  <prefix>ns1</prefix>
                                </name>
                              </org.mule.common.metadata.property.QNameMetaDataProperty>
                            </properties>
                          </metaDataFieldPropertyManager>
                        </org.mule.common.metadata.DefaultMetaDataField>
                        <org.mule.common.metadata.DefaultMetaDataField>
                          <name>ns1:SalesDollars</name>
                          <model class="org.mule.common.metadata.DefaultSimpleMetaDataModel">
                            <dataType>DECIMAL</dataType>
                            <metaDataModelPropertiesManager>
                              <properties>
                                <org.mule.common.metadata.property.xml.SchemaTypeMetaDataProperty>
                                  <typeQName>
                                    <namespaceURI>http://www.w3.org/2001/XMLSchema</namespaceURI>
                                    <localPart>decimal</localPart>
                                    <prefix></prefix>
                                  </typeQName>
                                </org.mule.common.metadata.property.xml.SchemaTypeMetaDataProperty>
                              </properties>
                            </metaDataModelPropertiesManager>
                          </model>
                          <accessType>READ_WRITE</accessType>
                          <metaDataFieldPropertyManager>
                            <properties>
                              <org.mule.common.metadata.property.QNameMetaDataProperty>
                                <name>
                                  <namespaceURI>http://schemas.datacontract.org/2004/07/WCFTest</namespaceURI>
                                  <localPart>SalesDollars</localPart>
                                  <prefix>ns1</prefix>
                                </name>
                              </org.mule.common.metadata.property.QNameMetaDataProperty>
                            </properties>
                          </metaDataFieldPropertyManager>
                        </org.mule.common.metadata.DefaultMetaDataField>
                        <org.mule.common.metadata.DefaultMetaDataField>
                          <name>ns1:SalesRepNumber</name>
                          <model class="org.mule.common.metadata.DefaultSimpleMetaDataModel">
                            <dataType>STRING</dataType>
                            <metaDataModelPropertiesManager>
                              <properties>
                                <org.mule.common.metadata.property.xml.SchemaTypeMetaDataProperty>
                                  <typeQName reference="../../../../../../org.mule.common.metadata.DefaultMetaDataField/model/metaDataModelPropertiesManager/properties/org.mule.common.metadata.property.xml.SchemaTypeMetaDataProperty/typeQName"/>
                                </org.mule.common.metadata.property.xml.SchemaTypeMetaDataProperty>
                              </properties>
                            </metaDataModelPropertiesManager>
                          </model>
                          <accessType>READ_WRITE</accessType>
                          <metaDataFieldPropertyManager>
                            <properties>
                              <org.mule.common.metadata.property.QNameMetaDataProperty>
                                <name>
                                  <namespaceURI>http://schemas.datacontract.org/2004/07/WCFTest</namespaceURI>
                                  <localPart>SalesRepNumber</localPart>
                                  <prefix>ns1</prefix>
                                </name>
                              </org.mule.common.metadata.property.QNameMetaDataProperty>
                            </properties>
                          </metaDataFieldPropertyManager>
                        </org.mule.common.metadata.DefaultMetaDataField>
                        <org.mule.common.metadata.DefaultMetaDataField>
                          <name>ns1:ShipToAddress1</name>
                          <model class="org.mule.common.metadata.DefaultSimpleMetaDataModel">
                            <dataType>STRING</dataType>
                            <metaDataModelPropertiesManager>
                              <properties>
                                <org.mule.common.metadata.property.xml.SchemaTypeMetaDataProperty>
                                  <typeQName reference="../../../../../../org.mule.common.metadata.DefaultMetaDataField/model/metaDataModelPropertiesManager/properties/org.mule.common.metadata.property.xml.SchemaTypeMetaDataProperty/typeQName"/>
                                </org.mule.common.metadata.property.xml.SchemaTypeMetaDataProperty>
                              </properties>
                            </metaDataModelPropertiesManager>
                          </model>
                          <accessType>READ_WRITE</accessType>
                          <metaDataFieldPropertyManager>
                            <properties>
                              <org.mule.common.metadata.property.QNameMetaDataProperty>
                                <name>
                                  <namespaceURI>http://schemas.datacontract.org/2004/07/WCFTest</namespaceURI>
                                  <localPart>ShipToAddress1</localPart>
                                  <prefix>ns1</prefix>
                                </name>
                              </org.mule.common.metadata.property.QNameMetaDataProperty>
                            </properties>
                          </metaDataFieldPropertyManager>
                        </org.mule.common.metadata.DefaultMetaDataField>
                        <org.mule.common.metadata.DefaultMetaDataField>
                          <name>ns1:ShipToAddress2</name>
                          <model class="org.mule.common.metadata.DefaultSimpleMetaDataModel">
                            <dataType>STRING</dataType>
                            <metaDataModelPropertiesManager>
                              <properties>
                                <org.mule.common.metadata.property.xml.SchemaTypeMetaDataProperty>
                                  <typeQName reference="../../../../../../org.mule.common.metadata.DefaultMetaDataField/model/metaDataModelPropertiesManager/properties/org.mule.common.metadata.property.xml.SchemaTypeMetaDataProperty/typeQName"/>
                                </org.mule.common.metadata.property.xml.SchemaTypeMetaDataProperty>
                              </properties>
                            </metaDataModelPropertiesManager>
                          </model>
                          <accessType>READ_WRITE</accessType>
                          <metaDataFieldPropertyManager>
                            <properties>
                              <org.mule.common.metadata.property.QNameMetaDataProperty>
                                <name>
                                  <namespaceURI>http://schemas.datacontract.org/2004/07/WCFTest</namespaceURI>
                                  <localPart>ShipToAddress2</localPart>
                                  <prefix>ns1</prefix>
                                </name>
                              </org.mule.common.metadata.property.QNameMetaDataProperty>
                            </properties>
                          </metaDataFieldPropertyManager>
                        </org.mule.common.metadata.DefaultMetaDataField>
                        <org.mule.common.metadata.DefaultMetaDataField>
                          <name>ns1:State</name>
                          <model class="org.mule.common.metadata.DefaultSimpleMetaDataModel">
                            <dataType>STRING</dataType>
                            <metaDataModelPropertiesManager>
                              <properties>
                                <org.mule.common.metadata.property.xml.SchemaTypeMetaDataProperty>
                                  <typeQName reference="../../../../../../org.mule.common.metadata.DefaultMetaDataField/model/metaDataModelPropertiesManager/properties/org.mule.common.metadata.property.xml.SchemaTypeMetaDataProperty/typeQName"/>
                                </org.mule.common.metadata.property.xml.SchemaTypeMetaDataProperty>
                              </properties>
                            </metaDataModelPropertiesManager>
                          </model>
                          <accessType>READ_WRITE</accessType>
                          <metaDataFieldPropertyManager>
                            <properties>
                              <org.mule.common.metadata.property.QNameMetaDataProperty>
                                <name>
                                  <namespaceURI>http://schemas.datacontract.org/2004/07/WCFTest</namespaceURI>
                                  <localPart>State</localPart>
                                  <prefix>ns1</prefix>
                                </name>
                              </org.mule.common.metadata.property.QNameMetaDataProperty>
                            </properties>
                          </metaDataFieldPropertyManager>
                        </org.mule.common.metadata.DefaultMetaDataField>
                        <org.mule.common.metadata.DefaultMetaDataField>
                          <name>ns1:Zip</name>
                          <model class="org.mule.common.metadata.DefaultSimpleMetaDataModel">
                            <dataType>STRING</dataType>
                            <metaDataModelPropertiesManager>
                              <properties>
                                <org.mule.common.metadata.property.xml.SchemaTypeMetaDataProperty>
                                  <typeQName reference="../../../../../../org.mule.common.metadata.DefaultMetaDataField/model/metaDataModelPropertiesManager/properties/org.mule.common.metadata.property.xml.SchemaTypeMetaDataProperty/typeQName"/>
                                </org.mule.common.metadata.property.xml.SchemaTypeMetaDataProperty>
                              </properties>
                            </metaDataModelPropertiesManager>
                          </model>
                          <accessType>READ_WRITE</accessType>
                          <metaDataFieldPropertyManager>
                            <properties>
                              <org.mule.common.metadata.property.QNameMetaDataProperty>
                                <name>
                                  <namespaceURI>http://schemas.datacontract.org/2004/07/WCFTest</namespaceURI>
                                  <localPart>Zip</localPart>
                                  <prefix>ns1</prefix>
                                </name>
                              </org.mule.common.metadata.property.QNameMetaDataProperty>
                            </properties>
                          </metaDataFieldPropertyManager>
                        </org.mule.common.metadata.DefaultMetaDataField>
                      </fields>
                      <rootElement>
                        <namespaceURI>http://tempuri.org/</namespaceURI>
                        <localPart>GetRecentlyUpdatedSOIDSResponse</localPart>
                        <prefix>ns0</prefix>
                      </rootElement>
                      <schemas class="org.mule.common.metadata.StringBasedSchemaProvider">
                        <schemas>
                          <string>&lt;?xml version=&quot;1.0&quot; encoding=&quot;UTF-8&quot;?&gt;&lt;xsd:schema xmlns:xsd=&quot;http://www.w3.org/2001/XMLSchema&quot; xmlns:msc=&quot;http://schemas.microsoft.com/ws/2005/12/wsdl/contract&quot; xmlns:soap=&quot;http://schemas.xmlsoap.org/wsdl/soap/&quot; xmlns:soap12=&quot;http://schemas.xmlsoap.org/wsdl/soap12/&quot; xmlns:soapenc=&quot;http://schemas.xmlsoap.org/soap/encoding/&quot; xmlns:tns=&quot;http://tempuri.org/&quot; xmlns:wsa=&quot;http://schemas.xmlsoap.org/ws/2004/08/addressing&quot; xmlns:wsa10=&quot;http://www.w3.org/2005/08/addressing&quot; xmlns:wsam=&quot;http://www.w3.org/2007/05/addressing/metadata&quot; xmlns:wsap=&quot;http://schemas.xmlsoap.org/ws/2004/08/addressing/policy&quot; xmlns:wsaw=&quot;http://www.w3.org/2006/05/addressing/wsdl&quot; xmlns:wsdl=&quot;http://schemas.xmlsoap.org/wsdl/&quot; xmlns:wsp=&quot;http://schemas.xmlsoap.org/ws/2004/09/policy&quot; xmlns:wsu=&quot;http://docs.oasis-open.org/wss/2004/01/oasis-200401-wss-wssecurity-utility-1.0.xsd&quot; xmlns:wsx=&quot;http://schemas.xmlsoap.org/ws/2004/09/mex&quot; targetNamespace=&quot;http://tempuri.org/Imports&quot;&gt;&lt;xsd:import namespace=&quot;http://tempuri.org/&quot; schemaLocation=&quot;http://localhost:9000/TestService.svc?xsd=xsd0&quot;/&gt;&lt;xsd:import namespace=&quot;http://schemas.microsoft.com/2003/10/Serialization/&quot; schemaLocation=&quot;http://localhost:9000/TestService.svc?xsd=xsd1&quot;/&gt;&lt;xsd:import namespace=&quot;http://schemas.datacontract.org/2004/07/WCFTest&quot; schemaLocation=&quot;http://localhost:9000/TestService.svc?xsd=xsd2&quot;/&gt;&lt;/xsd:schema&gt;</string>
                        </schemas>
                        <encoding reference="../../../../../../../../../../../entry/org.mule.common.metadata.DefaultXmlMetaDataModel/schemas/encoding"/>
                        <baseUri>http://localhost:9000/TestService.svc?wsdl</baseUri>
                      </schemas>
                      <namespaceManager>
                        <namespacePrefix>
                          <entry>
                            <string>http://tempuri.org/</string>
                            <string>ns0</string>
                          </entry>
                          <entry>
                            <string>http://schemas.datacontract.org/2004/07/WCFTest</string>
                            <string>ns1</string>
                          </entry>
                        </namespacePrefix>
                      </namespaceManager>
                    </model>
                    <isArray>false</isArray>
                  </model>
                  <accessType>READ_WRITE</accessType>
                  <metaDataFieldPropertyManager>
                    <properties>
                      <org.mule.common.metadata.property.QNameMetaDataProperty>
                        <name>
                          <namespaceURI>http://schemas.datacontract.org/2004/07/WCFTest</namespaceURI>
                          <localPart>SOID</localPart>
                          <prefix>ns1</prefix>
                        </name>
                      </org.mule.common.metadata.property.QNameMetaDataProperty>
                    </properties>
                  </metaDataFieldPropertyManager>
                </org.mule.common.metadata.DefaultMetaDataField>
              </fields>
              <rootElement>
                <namespaceURI>http://tempuri.org/</namespaceURI>
                <localPart>GetRecentlyUpdatedSOIDSResponse</localPart>
                <prefix>ns0</prefix>
              </rootElement>
              <schemas class="org.mule.common.metadata.StringBasedSchemaProvider" reference="../fields/org.mule.common.metadata.DefaultMetaDataField/model/model/schemas"/>
              <namespaceManager reference="../fields/org.mule.common.metadata.DefaultMetaDataField/model/model/namespaceManager"/>
            </model>
            <accessType>READ_WRITE</accessType>
            <metaDataFieldPropertyManager>
              <properties>
                <org.mule.common.metadata.property.QNameMetaDataProperty>
                  <name>
                    <namespaceURI>http://tempuri.org/</namespaceURI>
                    <localPart>GetRecentlyUpdatedSOIDSResult</localPart>
                    <prefix>ns0</prefix>
                  </name>
                </org.mule.common.metadata.property.QNameMetaDataProperty>
              </properties>
            </metaDataFieldPropertyManager>
          </org.mule.common.metadata.DefaultMetaDataField>
        </fields>
        <rootElement>
          <namespaceURI>http://tempuri.org/</namespaceURI>
          <localPart>GetRecentlyUpdatedSOIDSResponse</localPart>
          <prefix>ns0</prefix>
        </rootElement>
        <schemas class="org.mule.common.metadata.StringBasedSchemaProvider">
          <schemas reference="../../fields/org.mule.common.metadata.DefaultMetaDataField/model/fields/org.mule.common.metadata.DefaultMetaDataField/model/model/schemas/schemas"/>
          <encoding reference="../../../../entry/org.mule.common.metadata.DefaultXmlMetaDataModel/schemas/encoding"/>
          <baseUri>http://localhost:9000/TestService.svc?wsdl</baseUri>
        </schemas>
        <namespaceManager reference="../fields/org.mule.common.metadata.DefaultMetaDataField/model/fields/org.mule.common.metadata.DefaultMetaDataField/model/model/namespaceManager"/>
      </org.mule.common.metadata.DefaultXmlMetaDataModel>
    </entry>
  </types>
  <connectorName>Web_Service_Consumer</connectorName>
</metadata__catalog__entry>