<?xml version="1.0" encoding="UTF-8"?>

<mule xmlns:scripting="http://www.mulesoft.org/schema/mule/scripting" xmlns:http="http://www.mulesoft.org/schema/mule/http"
	xmlns:json="http://www.mulesoft.org/schema/mule/json"
	xmlns="http://www.mulesoft.org/schema/mule/core" xmlns:doc="http://www.mulesoft.org/schema/mule/documentation"
	xmlns:spring="http://www.springframework.org/schema/beans" 
	xmlns:xsi="http://www.w3.org/2001/XMLSchema-instance"
	xsi:schemaLocation="http://www.mulesoft.org/schema/mule/http http://www.mulesoft.org/schema/mule/http/current/mule-http.xsd
http://www.mulesoft.org/schema/mule/json http://www.mulesoft.org/schema/mule/json/current/mule-json.xsd
http://www.springframework.org/schema/beans http://www.springframework.org/schema/beans/spring-beans-current.xsd
http://www.mulesoft.org/schema/mule/core http://www.mulesoft.org/schema/mule/core/current/mule.xsd
http://www.mulesoft.org/schema/mule/scripting http://www.mulesoft.org/schema/mule/scripting/current/mule-scripting.xsd">
    <http:request-config name="HTTP_Request_Configuration_UpdateAccount" protocol="HTTPS" host="${ww.osc.host}" port="${ww.osc.port}" basePath="${ww.osc.account.base.path}/#[flowVars.OscPartyNumber]"  doc:name="Accounts Request Configuration">
    	<http:basic-authentication username="${ww.osc.username}" password="${ww.osc.password}"/>
    </http:request-config>
    <http:request-config name="HTTP_Request_Configuration_Get_Related_Accounts" protocol="HTTPS" host="${ww.osc.host}" port="${ww.osc.port}" basePath="${ww.osc.account.base.path}?q=OrganizationDEO_AccountNumberText_c=#[flowVars.EBSAccountNumber]&amp;fields=PartyNumber&amp;onlyData=true"  doc:name="Accounts Request Configuration">
    	<http:basic-authentication username="${ww.osc.username}" password="${ww.osc.password}"/>
    </http:request-config>
     <http:request-config name="HTTP_Request_Configuration_UpdateChildAccount" protocol="HTTPS" host="${ww.osc.host}" port="${ww.osc.port}" basePath="${ww.osc.account.base.path}/#[flowVars.childPartyNumber]"  doc:name="Accounts Request Configuration">
        <http:basic-authentication username="${ww.osc.username}" password="${ww.osc.password}"/>
    </http:request-config>
    <flow name="Process_Account_To_OSC">
            <scripting:transformer doc:name="Map_To_Account_Object">
                <scripting:script engine="Groovy"><![CDATA[
                def map = new java.util.HashMap();
				map.put("OrganizationDEO_AccountNumber_c", payload.ACCOUNT_NUMBER);
				map.put("OrganizationName", payload.CUSTOMER_NAME);
				map.put("PartyNumber", payload.OSC_PARTY_NUMBER);
				map.put("OrganizationDEO_BillToSalesRep_c", payload.BILL_TO_SALES_REP);
				map.put("OrganizationDEO_ClassOfTrade_c", payload.CUSTOMER_CLASS_CODE);
				map.put("OrganizationDEO_EBSPriceCode_c", payload.PRICE_CODE);
				map.put("OrganizationDEO_OverrideLTCCharge_c", payload.OVERRIDE_LTC_CHARGE);
				map.put("OrganizationDEO_EBSTerms_c", payload.PAYMENT_TERMS);
				map.put("OrganizationDEO_PriceListName_c", payload.PRICE_LIST);
				map.put("OrganizationDEO_EBSBillToAddress1_c", payload.ADDRESS1);
				map.put("OrganizationDEO_EBSBillToAddress2_c", payload.ADDRESS2);
				map.put("OrganizationDEO_EBSBillToAddress3_c", payload.ADDRESS3);
				map.put("OrganizationDEO_EBSBillToAddress4_c", payload.ADDRESS4);
				map.put("OrganizationDEO_EBSBillToCity_c", payload.CITY);
				map.put("OrganizationDEO_EBSBillToState_c", payload.STATE);
				map.put("OrganizationDEO_EBSBillToProvince_c", payload.PROVINCE);
				map.put("OrganizationDEO_EBSBillToPostalCode_c", payload.POSTAL_CODE);
				map.put("OrganizationDEO_EBSBillToCountry_c", payload.COUNTRY);
				map.put("OrganizationDEO_CollectorName_c", payload.COLLECTOR);
				map.put("OrganizationDEO_CollectorPhone_c", payload.COLLECTOR_PHONE);
				// map.put("OrganizationDEO_ChildCheck_c", "Y");
				return map;
			]]></scripting:script>
            </scripting:transformer>
             <logger message="Account #[message.payload.OrganizationName]" level="INFO" doc:name="Log_Each_Account"/>
            <set-variable variableName="OscPartyNumber" value="#[message.payload.PartyNumber]" doc:name="Set_Party_Number_Variable"/>
        <set-variable variableName="EBSAccountNumber" value="#[message.payload.OrganizationDEO_AccountNumber_c]" doc:name="Set_EBSAccountNumber_Variable"/>  
        <set-variable variableName="accountUpdateObject" value="#[payload]" doc:name="Set_Account_Update_Object_Variable" doc:description="I want to hold on to the update object since we'll make essentially the same update to more objects.  I keep it as a hashmap to make it easier to swap out the PartyNumber"/>
            <json:object-to-json-transformer doc:name="Account_Object_To_JSON"/>
            <logger message="UPDATING ACCOUNT FOR PARTYNUMBER #[flowVars.OscPartyNumber]" level="INFO" doc:name="Logger"/>
            <logger message="The JSON account payload is #[message.payloadAs(java.lang.String)]" level="INFO" doc:name="Logger"/>
        	<logger message="The Account Update Url is ${ww.osc.account.base.path}/#[flowVars.OscPartyNumber]" level="INFO" doc:name="Logger"/>
        	<set-property propertyName="Content-Type" value="application/vnd.oracle.adf.resourceitem+json" doc:name="Set_Content_Type"/>
       		<http:request config-ref="HTTP_Request_Configuration_UpdateAccount" path="/" method="PATCH" doc:name="Update_Main_Account">
       		</http:request>
            <json:json-to-object-transformer returnClass="java.util.HashMap" doc:name="JSON_Update_Response_To_Object"/>
            <logger message="Account Updated Successfully...#[payload]" level="INFO" doc:name="Log_Update_Response"/>
        <logger message="Get Related Accounts URL : ${ww.osc.account.base.path}?q=OrganizationDEO_AccountNumberText_c=#[flowVars.EBSAccountNumber]" level="INFO" doc:name="Log_Get_Related_Accounts_Url"/>
        <http:request config-ref="HTTP_Request_Configuration_Get_Related_Accounts" path="/" method="GET" doc:name="Retrieve_Related_Accounts"/>
        <json:json-to-object-transformer returnClass="java.util.HashMap" doc:name="Map_Account_JSON_To_Objects"/>
        <logger message="The Get Related Accounts Response is : #[payload]" level="INFO" doc:name="Log_Get_Related_Accounts_Response"/>
        <choice doc:name="Related_Records_To_Update">
        	<when expression="payload.count > 1">
        	 <set-payload value="#[message.payload.items]" doc:name="Set_Payload_To_Returned_Items"/>
                <logger message="The items payload is #[payload]" level="INFO" doc:name="Log_Updated_Payload"/>
        	<foreach doc:name="For Each">
            	<set-variable variableName="childPartyNumber" value="#[message.payload.PartyNumber]" doc:name="Set_Party_Number_Variable"/>
            	<logger message="The Child Party Number is #[flowVars.childPartyNumber]" level="INFO" doc:name="Log_Party_Number"/>
                    <choice doc:name="Related_Account_Or_Parent">
                    	<when expression="flowVars.OscPartyNumber !=flowVars.childPartyNumber">
                            <scripting:transformer doc:name="Update_Payload_Party_Number">
                                <scripting:script engine="Groovy"><![CDATA[flowVars.accountUpdateObject.put("PartyNumber", flowVars.childPartyNumber);

// Remove the Account Name and Account Number for updating child accounts
flowVars.accountUpdateObject.remove("OrganizationName");
flowVars.accountUpdateObject.remove("OrganizationDEO_AccountNumber_c");]]></scripting:script>
                            </scripting:transformer>
                    		<set-payload value="#[flowVars.accountUpdateObject]" doc:name="Return_To_Update_Payload"/>
                            <logger message="The Reset Payload is #[payload]" level="INFO" doc:name="Log_Reset_Payload"/>
            				<logger message="The Object Payload is #[payload]" level="INFO" doc:name="Log_Updated_Payload"/>
            				<json:object-to-json-transformer doc:name="Account_Object_ToJSON"/>
            				<logger message="The JSON Payload for the Child Update is #[payload]" level="INFO" doc:name="Log_JSON_Payload"/>
                            <logger message="The Child Update Url is ${ww.osc.account.base.path}/#[flowVars.childPartyNumber]" level="INFO" doc:name="Log_Child_Update_URL"/>
                            <set-property propertyName="Content-Type" value="application/vnd.oracle.adf.resourceitem+json" doc:name="Set_Content_Type"/>
            				<http:request config-ref="HTTP_Request_Configuration_UpdateChildAccount" path="/" method="PATCH" doc:name="Update_Child_Account"/>
            				<json:json-to-object-transformer returnClass="java.util.HashMap" doc:name="Map_Child_Update_Response_To_Object"/>
            				<logger message="The updated PartyNumber is #[payload.PartyNumber] the updated AccountNumber is #[payload.OrganizationDEO_AccountNumberText_c]" level="INFO" doc:name="Log_Update_Success"/>
                    	</when>
                        <otherwise>
                            <logger message="No need to update the parent again." level="INFO" doc:name="Logger"/>
                        </otherwise>
                    </choice>
        		</foreach>
        	</when>
            <otherwise>
                <logger message="No Related Accounts were found!" level="INFO" doc:name="Log_No_Related_Accounts"/>
            </otherwise>
        </choice>
            <exception-strategy ref="Account_Update_Handler" doc:name="Reference Exception Strategy"/>
    </flow>
    <choice-exception-strategy name="Account_Update_Handler">
        <catch-exception-strategy doc:name="Catch Exception Strategy">
            <logger message="#[exception]" level="INFO" doc:name="Logger"/>
            <logger message="The PartyNumber Is: #[flowVars.OscPartyNumber]" level="INFO" doc:name="Logger"/>
            <set-variable variableName="httpResponse" value="#[message.inboundProperties['http.status']]" doc:name="Variable"/>
            <scripting:transformer doc:name="Groovy">
                <scripting:script engine="Groovy"><![CDATA[
                def sb = new StringBuilder();
                def httpResponse = flowVars.httpResponse;
                if (httpResponse == 404)
                {
                	sb.append('The account could not be located in OSC. Please verify the PartyNumber in EBS matches an OSC PartyNumber');
                }
                else if (httpResponse == 500)
                {
                	sb.append('The account could not be updated in OSC.  Please verify that EBS data for this account is valid in OSC');
                }
                else
                {
                	sb.append('The account could not be updated in OSC.  The HTTP Response code was ');
                	sb.append(httpResponse);
                }
                sessionVars['AccountErrors'].put(flowVars.OscPartyNumber, sb.toString())
                ]]></scripting:script>
            </scripting:transformer>
        </catch-exception-strategy>
    </choice-exception-strategy>
</mule>
