<?xml version="1.0" encoding="UTF-8"?>

<mule xmlns:tracking="http://www.mulesoft.org/schema/mule/ee/tracking" xmlns:json="http://www.mulesoft.org/schema/mule/json"
	xmlns:http="http://www.mulesoft.org/schema/mule/http"
	xmlns:scripting="http://www.mulesoft.org/schema/mule/scripting"
	xmlns="http://www.mulesoft.org/schema/mule/core" xmlns:doc="http://www.mulesoft.org/schema/mule/documentation"
	xmlns:spring="http://www.springframework.org/schema/beans" 
	xmlns:xsi="http://www.w3.org/2001/XMLSchema-instance"
	xsi:schemaLocation="http://www.mulesoft.org/schema/mule/json http://www.mulesoft.org/schema/mule/json/current/mule-json.xsd
http://www.mulesoft.org/schema/mule/http http://www.mulesoft.org/schema/mule/http/current/mule-http.xsd
http://www.mulesoft.org/schema/mule/scripting http://www.mulesoft.org/schema/mule/scripting/current/mule-scripting.xsd
http://www.springframework.org/schema/beans http://www.springframework.org/schema/beans/spring-beans-current.xsd
http://www.mulesoft.org/schema/mule/core http://www.mulesoft.org/schema/mule/core/current/mule.xsd
http://www.mulesoft.org/schema/mule/ee/tracking http://www.mulesoft.org/schema/mule/ee/tracking/current/mule-tracking-ee.xsd">
    <http:request-config name="HTTP_Request_Configuration_InsertSOID" protocol="HTTPS" host="${ww.osc.host}" port="${ww.osc.port}" basePath="${ww.osc.soid.base.path}"  doc:name="SOID Insert Configuration">
        <http:basic-authentication username="${ww.osc.username}" password="${ww.osc.password}"/>
    </http:request-config>
	<http:request-config name="HTTP_Request_Configuration_Get_Owner" protocol="HTTPS" host="${ww.osc.host}" port="${ww.osc.port}" basePath="${ww.osc.resource.base.path}?q=EBSSalesRepNum_c=#[message.payload.Owner_Id_c]&amp;fields=ResourceProfileId,PartyId,PartyNumber&amp;onlyData=true"  doc:name="Get Owner Configuration">
        <http:basic-authentication username="${ww.osc.username}" password="${ww.osc.password}"/>
    </http:request-config>
    	<http:request-config name="HTTP_Request_Configuration_Get_SOID" protocol="HTTPS" host="${ww.osc.host}" port="${ww.osc.port}" basePath="${ww.osc.soid.base.path}?q=order_number_c=#[flowVars.SOIDNumber]&amp;TRX_NUMBER_c=#[flowVars.transactionNumber]"  doc:name="Get SOID Configuration">
        <http:basic-authentication username="${ww.osc.username}" password="${ww.osc.password}"/>
    </http:request-config>
	<http:request-config name="HTTP_Request_Configuration_Get_Customer" protocol="HTTPS" host="${ww.osc.host}" port="${ww.osc.port}" basePath="${ww.osc.account.base.path}/#[message.payload.Account_Id_c]?fields=PartyId,PartyNumber&amp;onlyData=true"  doc:name="Get Customer Configuration">
        <http:basic-authentication username="${ww.osc.username}" password="${ww.osc.password}"/>
    </http:request-config>
    <flow name="Process_SOID_To_OSC">
            <scripting:transformer doc:name="Map_To_SOID_Object">
                <scripting:script engine="Groovy"><![CDATA[
                def map = new java.util.HashMap();
                map.put("AccountNumber_c", payload.account_number);
				map.put("order_number_c", payload.SOID);
				map.put("TRX_NUMBER_c", payload.INVOICE_NO);
				map.put("EXTENDED_AMOUNT_c", payload.SALES_$);
				map.put("SALESREP_NUMBER_c", payload.SALESREP_NO);
				map.put("Account_Id_c", payload.OCS_PARTY_NUMBER);
				map.put("ADDRESS1_c", payload.ADDRESS1);
				map.put("ADDRESS2_c", payload.ADDRESS2);
				map.put("CITY_c", payload.CITY);
				map.put("STATE_c", payload.STATE);
				map.put("POSTAL_CODE_c", payload.POSTAL_CODE);
				map.put("CurrencyCode", payload.CURRENCY_CODE);
				map.put("Owner_Id_c", payload.SALESREP_NO);
				return map;
			]]></scripting:script>
            </scripting:transformer>
             <logger message="The Order Number is  #[message.payload.order_number_c] and the Account Party Number is #[message.payload.Account_Id_c]" level="INFO" doc:name="Log_Each_SOID"/>
            <set-variable variableName="SOIDNumber" value="#[message.payload.order_number_c]" doc:name="Set_SOID_Number_Variable"/>
        <set-variable variableName="transactionNumber" value="#[message.payload.TRX_NUMBER_c]" doc:name="Set_Transaction_Number_Variable"/>
        <set-variable variableName="SOIDPayload" value="#[payload]" doc:name="Set_SOID_Payload_Variable"/>
        <set-variable variableName="SOIDExists" value="false" doc:name="Initialize_SOID_EXISTS_Variable"/>
        <flow-ref name="OSC_Verify_SOID_Existence" doc:name="OSC_Verify_SOID_Existence"/>
        <choice doc:name="Check SOID Existence">
        	<when expression="flowVars.SOIDExists == false">
                <logger message="The SOID record does not exist in OSC.  This is a good thing." level="INFO" doc:name="SOID_Not_Present_Logger"/>
                <set-payload value="#[flowVars.SOIDPayload]" doc:name="Set Payload"/>
                <logger message="Post SOID Check Get Payload reset  #[message.payload]" level="INFO" doc:name="Logger"/>
        	       <set-variable variableName="OwnerPartyId" value="" doc:name="Initialize_Owner_Variable"/>
        <flow-ref name="OSC_Get_Account_Owner" doc:name="Retrieve_Account_Owner"/>
        <logger message="The Account Owner retrieved from OSC is #[flowVars.OwnerPartyId]" level="INFO" doc:name="Log_Retrieved_Owner_PartyId"/>
        <choice doc:name="Check_Account_Owner">
        	<when expression="flowVars.OwnerPartyId.toString().length() > 0">
                <set-payload value="#[flowVars.SOIDPayload]" doc:name="Set Payload"/>
                <logger message="Post Owner Get Payload reset  #[message.payload]" level="INFO" doc:name="Logger"/>
        		<logger message="The Owner PartyId has been set" level="INFO" doc:name="Logger"/>
                <set-variable variableName="CustomerPartyId" value="" doc:name="Initialize_Account_Variable"/>
                <flow-ref name="OSC_Get_Customer" doc:name="Retrieve_Customer"/>
                <logger message="The retrieved CustomerPartyId is #[flowVars.CustomerPartyId]" level="INFO" doc:name="Log_CustomerPartyId"/>
                <choice doc:name="Check_Customer">
                	<when expression="flowVars.CustomerPartyId.toString().length() > 0">
                		<logger message="The Customer PartyId has been set - #[flowVars.CustomerPartyId]" level="INFO" doc:name="Logger"/>
                        <set-payload value="#[flowVars.SOIDPayload]" doc:name="Set Payload"/>
                        <logger message="Post Customer Get Payload reset  #[message.payload]" level="INFO" doc:name="Logger"/>
                        <scripting:transformer doc:name="Add_Owner_And_Account_To_Payload">
                            <scripting:script engine="Groovy"><![CDATA[message.payload.Owner_Id_c = flowVars.OwnerPartyId;
message.payload.Account_Id_c = flowVars.CustomerPartyId;
return message.payload;]]></scripting:script>
                        </scripting:transformer>
                        <logger message="Payload After Transform is  #[message.payload]" level="INFO" doc:name="Logger"/>
                		<logger message="INSERTING SOID FOR SOID NUMBER #[flowVars.SOIDNumber]" level="INFO" doc:name="Logger"/>
                        <json:object-to-json-transformer doc:name="Object to JSON"/>
	        			<logger message="Pre-call Payload is #[payload]" level="INFO" doc:name="Logger"/>
	        			<set-property propertyName="Content-Type" value="application/vnd.oracle.adf.resourceitem+json" doc:name="Property"/>
	       				<http:request config-ref="HTTP_Request_Configuration_InsertSOID" path="/" method="POST" doc:name="HTTP">
	       				</http:request>
	            		<json:json-to-object-transformer returnClass="java.util.HashMap" doc:name="JSON_Update_Response_To_Object"/>
	            		<logger message="SOID Inserted Successfully...#[payload]" level="INFO" doc:name="Log_Insert_Response"/>
                	</when>
                	<otherwise>
                <logger message="The CustomerPartyId has not been set!  Add this to the error HashMap!" level="INFO" doc:name="Logger"/>
            </otherwise>
                </choice>
        	</when>
        	<otherwise>
                <logger message="The OwnerPartyId has not been set!  Add this to the error HashMap!" level="INFO" doc:name="Logger"/>
            </otherwise>
        	</choice>
        	</when>
        	<otherwise>
        		<logger message="One or more matching SOID records already exist!  This error has been added to the HashMap!" level="INFO" doc:name="Logger"/>
        	</otherwise>
        </choice>
         <exception-strategy ref="SOID_Update_Handler" doc:name="Reference Exception Strategy"/>
    </flow>
    <choice-exception-strategy name="SOID_Update_Handler">
        <catch-exception-strategy doc:name="Catch Exception Strategy">
            <logger message="Entering SOID Insert Main Exception Strategy.  Error: #[exception]" level="INFO" doc:name="Logger"/>
            <logger message="The SOID Number Is: #[flowVars.SOIDNumber]" level="INFO" doc:name="Logger"/>
            <logger message="Exception Payload is #[payload]" level="INFO" doc:name="Logger"/>
            <scripting:transformer doc:name="Groovy">
                <scripting:script engine="Groovy"><![CDATA[def currentErrorValue = sessionVars['SOIDErrors'].get([flowVars.SOIDNumber]);
println('Error value:');
println(currentErrorValue);
if (currentErrorValue == null)
{
sessionVars['SOIDErrors'].put(flowVars.SOIDNumber, exception)
}]]></scripting:script>
            </scripting:transformer>
        </catch-exception-strategy>
    </choice-exception-strategy>
    <flow name="OSC_Get_Account_Owner">
        <logger message="The incoming Get_Customer Payload is  #[message.payload]" level="INFO" doc:name="Log_Incoming_Payload"/>
        <logger message="The Owner Party Number is #[message.payload.Owner_Id_c]" level="INFO" doc:name="Log_Owner_Party_Number"/>
        <set-variable variableName="EBSSalesRepNumber" value="#[message.payload.Owner_Id_c]" doc:name="Variable"/>
        <logger message="${ww.osc.resource.base.path}?q=EBSSalesRepNum_c=#[message.payload.Owner_Id_c]" level="INFO" doc:name="Log_Get_Url"/>
        <http:request config-ref="HTTP_Request_Configuration_Get_Owner" path="/" method="GET" doc:name="Get_Account_Owner">
        </http:request>
        <logger message="The JSON account owner payload is #[message.payloadAs(java.lang.String)]" level="INFO" doc:name="Log_JSON_Response"/>
        <json:json-to-object-transformer doc:name="JSON to Object" returnClass="java.util.HashMap"/>
        <logger message="The payload converted to object is #[message.payload]" level="INFO" doc:name="Log_Object Conversion"/>
        <choice doc:name="Choice">
        	<when expression="message.payload.count == 1">
        	   	<logger message="The retrieved PartyId is #[message.payload.items[0].ResourceProfileId]" level="INFO" doc:name="Log_Retrieved_PartyId"/>
        		<set-variable variableName="OwnerPartyId" value="#[message.payload.items[0].ResourceProfileId]" doc:name="Set_Owner_Variable"/>
        	</when>
        	  <when expression="message.payload.count == 0">
        	   	<scripting:transformer doc:name="No_Records_Found_For_Sales_Rep">
                	<scripting:script engine="Groovy"><![CDATA[
                	def sb = new StringBuilder();
                	sb.append('The Sales Rep with an EBS Sales Rep Id of ');
                	sb.append(flowVars.EBSSalesRepNumber);
                	sb.append(' could not be located in OSC');
                	sessionVars['SOIDErrors'].put(flowVars.SOIDNumber, sb.toString())
                	]]></scripting:script>
            	</scripting:transformer>
        	</when>
        	<when expression="message.payload.count > 1">
        	 	<scripting:transformer doc:name="More_Than_One_Record_Exists_For_Sales_Rep">
                	<scripting:script engine="Groovy"><![CDATA[
                	def sb = new StringBuilder();
                	sb.append('There is more than one Sales Rep with an EBS Sales Rep Id of ');
                	sb.append(message.payload.Owner_Id_c);
                	sb.append(' in OSC');
                	sessionVars['SOIDErrors'].put(flowVars.SOIDNumber, sb.toString())
                	]]></scripting:script>
            	</scripting:transformer>
        	</when>
        	<otherwise>
            	<scripting:transformer doc:name="No_Count_Returned_From_OSC">
                	<scripting:script engine="Groovy"><![CDATA[
                		sessionVars['SOIDErrors'].put(flowVars.SOIDNumber, "The call to OSC to retrieve EBS Sales Rep Id did not return a count.  The response is in an unexpected format.")
                	]]></scripting:script>
            	</scripting:transformer>
            </otherwise>
        </choice>
        <exception-strategy ref="OSC_Get_Account_Owner_Handler" doc:name="Reference Exception Strategy"/>
    </flow>
    <catch-exception-strategy name="OSC_Get_Account_Owner_Handler">
        <logger message="Error Retrieving Account Owner. " level="INFO" doc:name="Logger"/>
           <set-variable variableName="httpResponse" value="#[message.inboundProperties['http.status']]" doc:name="Variable"/>
            <scripting:transformer doc:name="Groovy">
                <scripting:script engine="Groovy"><![CDATA[
                def sb = new StringBuilder();
                def httpResponse = flowVars.httpResponse;
                if (httpResponse == 404)
                {
                	sb.append('The Account Owner could not be located in OSC. Received a 404 error when looking up the Account Owner based on EBS Sales Rep Number');
                }
                else if (httpResponse == 500)
                {
                	sb.append('The attempt to retrieve the Account Owner based on theEBS Sales Rep Number in EBS failed with a 500 HttpResponse.  Please verify that there is not an issue in OSC and try again.');
                }
                else
                {
                	sb.append('The Account Owner  could not be located in OSC.  The HTTP Response code was ');
                	sb.append(httpResponse);
                }
                sessionVars['SOIDErrors'].put(flowVars.SOIDNumber, sb.toString())
                ]]></scripting:script>
            </scripting:transformer>
    </catch-exception-strategy>
        <flow name="OSC_Get_Customer">
        <logger message="The incoming Get_Customer Payload is  #[message.payload]" level="INFO" doc:name="Log_Incoming_Payload"/>
        <logger message="The Customer Party Number is #[message.payload.Account_Id_c]" level="INFO" doc:name="Log_Customer_Party_Number"/>
        <logger message="${ww.osc.account.base.path}/#[message.payload.Account_Id_c]?fields=PartyId,PartyNumber&amp;onlyData=true" level="INFO" doc:name="Log_Get_Url"/>
        <http:request config-ref="HTTP_Request_Configuration_Get_Customer" path="/" method="GET" doc:name="Get_Customer">
        </http:request>
        <logger message="The JSON Account payload is #[message.payloadAs(java.lang.String)]" level="INFO" doc:name="Log_JSON_Response"/>
        <json:json-to-object-transformer doc:name="JSON to Object" returnClass="java.util.HashMap"/>
        <logger message="The payload converted to object is #[message.payload]" level="INFO" doc:name="Log_Object Conversion"/>
        <logger message="The retrieved PartyId is #[message.payload.PartyId]" level="INFO" doc:name="Log_Retrieved_PartyId"/>
        <set-variable variableName="CustomerPartyId" value="#[message.payload.PartyId]" doc:name="Set_Customer_Variable"/>
        <exception-strategy ref="OSC_Get_Customer_Handler" doc:name="Reference Exception Strategy"/>
    </flow>
    <catch-exception-strategy name="OSC_Get_Customer_Handler">
        <logger message="Error Retrieving Customer in Customer Handler " level="INFO" doc:name="Logger"/>
            <set-variable variableName="httpResponse" value="#[message.inboundProperties['http.status']]" doc:name="Variable"/>
            <scripting:transformer doc:name="Groovy">
                <scripting:script engine="Groovy"><![CDATA[
                def sb = new StringBuilder();
                def httpResponse = flowVars.httpResponse;
                if (httpResponse == 404)
                {
                	sb.append('The Customer could not be located in OSC. Please verify the Customer Party Id in EBS matches an OSC Customer Party Id');
                }
                else if (httpResponse == 500)
                {
                	sb.append('The attempt to retrieve the Customer based on the Customer Party Id in EBS failed with a 500 HttpResponse.  Please verify that there is not an issue in OSC and try again.');
                }
                else
                {
                	sb.append('The Customer could not be located in OSC.  The HTTP Response code was ');
                	sb.append(httpResponse);
                }
                sessionVars['SOIDErrors'].put(flowVars.SOIDNumber, sb.toString())
                ]]></scripting:script>
            </scripting:transformer>
    </catch-exception-strategy>
       <flow name="OSC_Verify_SOID_Existence">
        <logger message="The incoming Get_Customer Payload is  #[message.payload]" level="INFO" doc:name="Log_Incoming_Payload"/>
        <logger message="The Invoice Number is #[flowVars.SOIDNumber]" level="INFO" doc:name="Log_SOID_Number"/>
        <logger message="The SOID Number is #[flowVars.transactionNumber]" level="INFO" doc:name="Log_Invoice_Number"/>
        <logger message="${ww.osc.soid.base.path}?q=order_number_c=#[flowVars.SOIDNumber]&amp;TRX_NUMBER_c=#[flowVars.transactionNumber]" level="INFO" doc:name="Log_Get_Url"/>
        <http:request config-ref="HTTP_Request_Configuration_Get_SOID" path="/" method="GET" doc:name="Get_SOID">
        </http:request>
        <logger message="The JSON SOID payload is #[message.payloadAs(java.lang.String)]" level="INFO" doc:name="Log_JSON_Response"/>
        <json:json-to-object-transformer doc:name="JSON to Object" returnClass="java.util.HashMap"/>
        <logger message="The payload converted to object is #[message.payload]" level="INFO" doc:name="Log_Object Conversion"/>
        <choice doc:name="Choice">
        	<when expression="message.payload.count == 1">
        	   	<logger message="The SOID Already exists" level="INFO" doc:name="Log_SOID_Existence"/>
        		<set-variable variableName="SOIDExists" value="true" doc:name="Set_SOIDExists_Variable"/>
                <scripting:transformer doc:name="Set_One_SOID_Records_Exist_Message">
                    <scripting:script engine="Groovy"><![CDATA[sessionVars['SOIDErrors'].put(flowVars.SOIDNumber, "A matching SOID already exists in OSC. No record was inserted.")]]></scripting:script>
                </scripting:transformer>
        	</when>
        	  <when expression="message.payload.count == 0">
				<logger message="The SOID DOES NOT exist.  This is good" level="INFO" doc:name="Log_SOID_Existence"/>
        		<set-variable variableName="SOIDExists" value="false" doc:name="Set_SOID_Exists_Variable"/>
        	</when>
        	<when expression="message.payload.count > 1">
        	   	<logger message="Multiple matching SOIDs Already exists" level="INFO" doc:name="Log_SOID_Existence"/>
        		<set-variable variableName="SOIDExists" value="true" doc:name="Set_SOIDExists_Variable"/>
                <scripting:transformer doc:name="Set_Multiple_SOID_Records_Exist_Message">
                    <scripting:script engine="Groovy"><![CDATA[sessionVars['SOIDErrors'].put(flowVars.SOIDNumber, "More than one matching SOID already exists in OSC. No record was inserted.")]]></scripting:script>
                </scripting:transformer>
        	</when>
        	<otherwise>
            	<scripting:transformer doc:name="No_Count_Returned_From_OSC">
                	<scripting:script engine="Groovy"><![CDATA[
                		sessionVars['SOIDErrors'].put(flowVars.SOIDNumber, "The call to OSC to retrieve an existing SOID did not return a count.  The response is in an unexpected format.")
                	]]></scripting:script>
            	</scripting:transformer>
            </otherwise>
        </choice>
        <exception-strategy ref="OSC_SOID_Existence_Handler" doc:name="Reference Exception Strategy"/>
    </flow>
    <catch-exception-strategy name="OSC_SOID_Existence_Handler">
        <logger message="Error Verifying Existing SOID. " level="INFO" doc:name="Logger"/>
           <set-variable variableName="httpResponse" value="#[message.inboundProperties['http.status']]" doc:name="Variable"/>
            <scripting:transformer doc:name="Groovy">
                <scripting:script engine="Groovy"><![CDATA[
                def sb = new StringBuilder();
                def httpResponse = flowVars.httpResponse;
                if (httpResponse == 404)
                {
                	sb.append('The existence of the SOID record could not be verified. Received a 404 error when looking up the SOID based on EBS Invoice Number and SOID');
                }
                else if (httpResponse == 500)
                {
                	sb.append('The existence of the SOID record could not be verified.  Received a 500 HttpResponse.  Please verify that there is not an issue in OSC and try again.');
                }
                else
                {
                	sb.append('The SOID could not be verified in OSC.  The HTTP Response code was ');
                	sb.append(httpResponse);
                }
                sessionVars['SOIDErrors'].put(flowVars.SOIDNumber, sb.toString())
                ]]></scripting:script>
            </scripting:transformer>
    </catch-exception-strategy>
</mule>

