<?xml version="1.0" encoding="UTF-8"?>

<mule xmlns:context="http://www.springframework.org/schema/context" xmlns:smtp="http://www.mulesoft.org/schema/mule/smtp" xmlns:scripting="http://www.mulesoft.org/schema/mule/scripting" xmlns:json="http://www.mulesoft.org/schema/mule/json" xmlns:dw="http://www.mulesoft.org/schema/mule/ee/dw" xmlns:db="http://www.mulesoft.org/schema/mule/db" xmlns:ws="http://www.mulesoft.org/schema/mule/ws" xmlns:metadata="http://www.mulesoft.org/schema/mule/metadata" xmlns:http="http://www.mulesoft.org/schema/mule/http" xmlns:batch="http://www.mulesoft.org/schema/mule/batch" xmlns:tracking="http://www.mulesoft.org/schema/mule/ee/tracking" xmlns="http://www.mulesoft.org/schema/mule/core" xmlns:doc="http://www.mulesoft.org/schema/mule/documentation"
	xmlns:spring="http://www.springframework.org/schema/beans" 
	xmlns:xsi="http://www.w3.org/2001/XMLSchema-instance"
	xsi:schemaLocation="http://www.springframework.org/schema/beans http://www.springframework.org/schema/beans/spring-beans-current.xsd
http://www.mulesoft.org/schema/mule/core http://www.mulesoft.org/schema/mule/core/current/mule.xsd
http://www.mulesoft.org/schema/mule/http http://www.mulesoft.org/schema/mule/http/current/mule-http.xsd
http://www.mulesoft.org/schema/mule/ee/tracking http://www.mulesoft.org/schema/mule/ee/tracking/current/mule-tracking-ee.xsd
http://www.mulesoft.org/schema/mule/batch http://www.mulesoft.org/schema/mule/batch/current/mule-batch.xsd
http://www.mulesoft.org/schema/mule/ws http://www.mulesoft.org/schema/mule/ws/current/mule-ws.xsd
http://www.mulesoft.org/schema/mule/ee/dw http://www.mulesoft.org/schema/mule/ee/dw/current/dw.xsd
http://www.mulesoft.org/schema/mule/db http://www.mulesoft.org/schema/mule/db/current/mule-db.xsd
http://www.mulesoft.org/schema/mule/json http://www.mulesoft.org/schema/mule/json/current/mule-json.xsd
http://www.mulesoft.org/schema/mule/scripting http://www.mulesoft.org/schema/mule/scripting/current/mule-scripting.xsd
http://www.mulesoft.org/schema/mule/smtp http://www.mulesoft.org/schema/mule/smtp/current/mule-smtp.xsd
http://www.springframework.org/schema/context http://www.springframework.org/schema/context/spring-context.xsd">
    <http:listener-config name="HTTP_Listener_Configuration" host="0.0.0.0" port="${http.port}" doc:name="Shared Listener"/>
    <smtp:gmail-connector name="Gmail_Out" contentType="text/html" fromAddress="${email.from}" validateConnections="true" doc:name="Gmail"/>
    <db:oracle-config name="EBS_Configuration" host="${db.host}" port="${db.port}" instance="${db.instance}" user="${db.user}" password="${db.password}" doc:name="Oracle Configuration"/>
    <context:property-placeholder location="masterlock-PROD.properties"/>
    <flow name="EBS_ACCOUNTS_TO_OSC">
        <http:listener config-ref="HTTP_Listener_Configuration" path="/accounts" doc:name="HTTP" allowedMethods="GET"/>
        <set-variable variableName="accountLastRunFilePath" value="${files.accountlastrunfilepath}" doc:name="Set_Account_Last_Run_File_Path"/>
        <logger message="The last run file path is #[flowVars.accountLastRunFilePath]" level="INFO" doc:name="Log_Last_Run_File_Path"/>
        <set-variable variableName="fromDate" value="" doc:name="Initialize_From_Date_Variable"/>
        <set-variable variableName="ToDate" value="" doc:name="Initialize_To_Date_Variable"/>
        <scripting:transformer doc:name="Set_Date_Variables">
            <scripting:script engine="Groovy"><![CDATA[		import groovy.time.TimeCategory;
		import java.text.DateFormat;
		import java.text.SimpleDateFormat;
		// Setting the date format to match Oracle -- notice hours are in a 24 hour format
		DateFormat dateformat = new SimpleDateFormat("yyyy-MM-dd kk:mm");
		
		def fromDateFile = new File(flowVars.accountLastRunFilePath);
		if (fromDateFile.exists())
		{
			println "The file exists!";
			flowVars.fromDate = fromDateFile.text;
		}
		else
		{
			println "The file does not exist!";
			use( TimeCategory ) {
				def tempFromDate = new Date() - 1.hours;
				flowVars.fromDate = dateformat.format(fromDateFile.text);
			}
		}
		
		def toDate = new Date();
		flowVars.toDate = dateformat.format(toDate);]]></scripting:script>
        </scripting:transformer>
        <logger message="EBS QUERY : SELECT * FROM bolinf.MLC_OSC_CUST_UPDATES_V WHERE Last_Update_Date &gt;= TO_DATE(#[flowVars.fromDate], 'YYYY-MM-DD HH24:MI') AND Last_Update_Date &lt;= TO_DATE(#[flowVars.toDate], 'YYYY-MM-DD HH24:MI')" level="INFO" doc:name="Log_EBS_Query"/>

        <db:select config-ref="EBS_Configuration" doc:name="Retrieve_EBS_Accounts">
            <db:parameterized-query><![CDATA[SELECT * FROM bolinf.MLC_OSC_CUST_UPDATES_V WHERE Last_Update_Date >= TO_DATE(#[flowVars.fromDate], 'YYYY-MM-DD HH24:MI') AND Last_Update_Date <= TO_DATE(#[flowVars.toDate], 'YYYY-MM-DD HH24:MI')]]></db:parameterized-query>

        </db:select>
        <logger message="The recent accounts payload is #[payload]" level="INFO" doc:name="Recent_Accounts_Payload_Logger"/>

        <set-variable variableName="totalRecordsToProcess" value="#[message.payload.size()]" doc:name="Set_Records_To_Process_Variable"/>
        <logger message="Total Records to Process #[flowVars.totalRecordsToProcess]" level="INFO" doc:name="Log_Total_Records"/>
        <set-session-variable variableName="AccountErrors" value="#[new java.util.HashMap()]" doc:name="Create_Exception_Hashmap"/>
        <foreach doc:name="FOR_EACH_EBS_ACCOUNT">
            <flow-ref name="Process_Account_To_OSC" doc:name="Update_Account_And_Address"/>
        </foreach>
        <set-variable variableName="totalRecordsInError" value="#[sessionVars.AccountErrors.size()]" doc:name="Set_Total_Records_In_Error_Variable"/>
        <scripting:transformer mimeType="application/json" doc:name="Build_Email_Text">
            <scripting:script engine="Groovy"><![CDATA[
def totalRecordsProcessed = flowVars['totalRecordsToProcess'] - flowVars['totalRecordsInError'] 
def sb = new StringBuilder();
sb.append('Account Sync has completed at ');
sb.append(new Date().format("MM/dd/yyyy HH:mm:ss"));
sb.append('<br/><br/>');
sb.append('Total Number of Accounts Processed : ');
sb.append(totalRecordsProcessed);
sb.append('<br/><br/>');
sb.append('<hr/>');

// don't output the error section if there were no errors
if (flowVars['totalRecordsInError'] > 0)
{
	sb.append('Total Account Processing Errors:');
	sb.append(flowVars['totalRecordsInError']);
	sb.append('<br/><br/>');
	// Build the error email
	sb.append('Accounts not synced with Oracle Sales Cloud:');
	sb.append('<br/><br/>');
	sessionVars['AccountErrors'].each { entry  ->
		sb.append('<b>');
		sb.append('OSCPartyId: ');
		sb.append('</b>');
		sb.append(entry.key);
		sb.append('&nbsp;&nbsp;&nbsp;&nbsp;&nbsp;&nbsp;	');
		sb.append('<b>');
		sb.append('Error: ');
		sb.append('</b>');
		sb.append(entry.value);
		sb.append('<br/>')
	}
}
else{
	sb.append('<br/><br/>');
	sb.append("<b>No errors were encountered while syncing accounts.</b>");
}
def emailText = sb.toString();

return emailText;]]></scripting:script>
        </scripting:transformer>
        <smtp:outbound-endpoint  host="${email.host}" port="${email.port}" user="${email.user}" password="${email.password}" connector-ref="Gmail_Out" to="${email.to}" from="${email.from}" subject="Account Sync to OSC is complete" responseTimeout="10000" doc:name="Send_Confirmation_Email"/>
         <logger message="Account Update Email sent successfully..." level="INFO" doc:name="Log_Account_Email_Success"/>
        <scripting:transformer doc:name="Write_Last_Success_Date">
            <scripting:script engine="Groovy"><![CDATA[
		// If there were no records to process OR we processed one or more records set the last account run
		if (flowVars['totalRecordsToProcess'] == 0 || (flowVars['totalRecordsInError'] < flowVars['totalRecordsToProcess']))
{
	def toDate = flowVars['ToDate']

	def filePath =flowVars.accountLastRunFilePath;
	def file = new File(filePath) 

	file.newWriter().withWriter { w ->
  		w << toDate
		}
}
    
    ]]></scripting:script>
        </scripting:transformer>
        <logger message="OSC Accounts updated successfully!" level="INFO" doc:name="Log_Account_Update_Success"/>

        	<choice doc:name="Set_Payload_Choice">
            <when expression="flowVars.totalRecordsInError == 0">
                <set-payload value="Account Updates Complete With No Errors!" doc:name="Set_Success_Payload"/>
            </when>
            <otherwise>
                <set-payload value="Account Updates Complete with #[flowVars.totalRecordsInError] errors" doc:name="Set_Partial_Success_Payload"/>
            </otherwise>
        </choice>
        <exception-strategy ref="GlobalAccountExceptionStrategy" doc:name="Reference Exception Strategy"/>
    </flow>
    <flow name="EBS_SINGLE_ACCOUNT_TO_OSC">
        <http:listener config-ref="HTTP_Listener_Configuration" path="/accounts/{PartyNumber}" doc:name="HTTP"/>
        <logger message="#[message.inboundProperties.'http.uri.params'.PartyNumber]" level="INFO" doc:name="Log Party Number"/>
        <set-variable variableName="partyNumber" value="#[message.inboundProperties.'http.uri.params'.PartyNumber]" doc:name="Variable"/>
        <db:select config-ref="EBS_Configuration" doc:name="Retrieve_Account_By_PartyNumber">
            <db:parameterized-query><![CDATA[SELECT * FROM bolinf.MLC_OSC_CUST_UPDATES_V WHERE OSC_PARTY_NUMBER = #[flowVars.partyNumber]]]></db:parameterized-query>
        </db:select>
        <set-variable variableName="totalRecordsToProcess" value="#[message.payload.size()]" doc:name="Set_Records_To_Process_Variable"/>
        <set-session-variable variableName="AccountErrors" value="#[new java.util.HashMap()]" doc:name="Create_Exception_Hashmap"/>
        <foreach doc:name="For Each">
        <flow-ref name="Process_Account_To_OSC" doc:name="Update_Account_And_Address"/>
        </foreach>
        <set-variable variableName="totalRecordsInError" value="#[sessionVars.AccountErrors.size()]" doc:name="Set_Total_Records_In_Error_Variable"/>
      	<scripting:transformer mimeType="application/json" doc:name="Build_Email_Text">
            <scripting:script engine="Groovy"><![CDATA[		
            def sb = new StringBuilder();
            sb.append('Single Account Sync has completed at ');
			sb.append(new Date().format("MM/dd/yyyy HH:mm:ss"));
			sb.append('<br/><br/>');
			sb.append('<hr/>');
			sb.append('<br/><br/>');
			if (sessionVars['AccountErrors'].size() > 0)
			{
				sb.append('<b>There was an error while processing Account for Party Number  </b>');
				sb.append(flowVars['partyNumber']);
				sb.append('&nbsp;&nbsp;&nbsp;&nbsp;&nbsp;&nbsp;	');
				sb.append('Error: ');
				sb.append(sessionVars['AccountErrors'].get(flowVars['partyNumber']));
			}
			else{
				if(flowVars['totalRecordsToProcess'] > 0)
				{
					sb.append("<b>No errors were encountered while syncing single Account.</b>");
					sb.append('<br/><br/>');
					sb.append("Party Number: ");
					sb.append(flowVars['partyNumber']);
				}
				else
				{
					sb.append("<b>No accounts were synced.  The account could not be retrieved from the EBS database.</b>");
					sb.append('<br/><br/>');
					sb.append("Party Number: ");
					sb.append(flowVars['partyNumber']);
				}
			}
		def emailText = sb.toString();
		
		return emailText;]]></scripting:script>
        </scripting:transformer>
        <smtp:outbound-endpoint  host="${email.host}" port="${email.port}" user="${email.user}" password="${email.password}" connector-ref="Gmail_Out" to="${email.to}" from="${email.from}" subject="Single Account Sync to OSC is complete" responseTimeout="10000" doc:name="Send_Confirmation_Email"/>
         <logger message="Single Account Update Email sent successfully..." level="INFO" doc:name="Logger"/>
         <logger message="Single OSC Account updated successfully!" level="INFO" doc:name="Logger"/>
                	<choice doc:name="Set_Payload_Choice">
            <when expression="flowVars.totalRecordsInError == 0">
                <set-payload value="Single Account Update Complete With No Errors!" doc:name="Set_Success_Payload"/>
            </when>
            <otherwise>
                <set-payload value="Single Account Update Complete with #[flowVars.totalRecordsInError] error" doc:name="Set_Partial_Success_Payload"/>
            </otherwise>
        </choice>
        <exception-strategy ref="GlobalAccountExceptionStrategy" doc:name="Reference Exception Strategy"/>
    </flow>
    <choice-exception-strategy name="GlobalAccountExceptionStrategy">
    	<catch-exception-strategy when="#[exception.causedBy(org.mule.api.MessagingException)]" doc:name="API Not Available Exception">
            <set-payload value="There was an exception while establishing communication with EBS.  No Account records were processed into OSC.  Please verify that EBS is available.  The exception is :  #[exception]" doc:name="Set Payload"/>
           	<smtp:outbound-endpoint host="${email.host}" port="${email.port}" user="${email.user}" password="${email.password}" connector-ref="Gmail_Out" to="${email.to}" from="${email.from}" subject="Account Flow API Communication Issue" responseTimeout="10000" doc:name="SMTP"/>
         	<logger message="Account API Not Available Email sent successfully..." level="INFO" doc:name="Logger"/>
        </catch-exception-strategy>
        <catch-exception-strategy when="#[exception.causedBy(org.mule.module.http.internal.request.ResponseValidatorException)]" doc:name="Catch Response Errors">
            <set-payload value="There was an error mapping the result returned from EBS.  No Account records were processed into OSC.  Please verify EBS is returning a valid result.  The exception is  : #[exception]" doc:name="Set Payload"/>
           	<smtp:outbound-endpoint host="${email.host}" port="${email.port}" user="${email.user}" password="${email.password}" connector-ref="Gmail_Out" to="${email.to}" from="${email.from}" subject="Account Flow Data Request Mapping Issue" responseTimeout="10000" doc:name="SMTP"/>
         	<logger message="Account Update Global Mapping Email sent successfully..." level="INFO" doc:name="Logger"/>
        </catch-exception-strategy>
        <catch-exception-strategy doc:name="Catch Unknown Errors">
       		<set-payload value="There was an error in the Account workflow.  No Account records were processed into OSC.  Please use the following exception to determine the cause of the issue and re-run the Accounts integration : #[exception]" doc:name="Set Payload"/>
           	<smtp:outbound-endpoint host="${email.host}" port="${email.port}" user="${email.user}" password="${email.password}" connector-ref="Gmail_Out" to="${email.to}" from="${email.from}" subject="Account Flow Unknown Issue" responseTimeout="10000" doc:name="SMTP"/>
         	<logger message="Account Update Global Generic Email sent successfully..." level="INFO" doc:name="Logger"/>
        </catch-exception-strategy>
    </choice-exception-strategy>
    <flow name="EBS_SOID_TO_OSC">
        <http:listener config-ref="HTTP_Listener_Configuration" path="/soids" doc:name="HTTP"/>
        <set-variable variableName="soidLastRunFilePath" value="${files.soidlastrunfilepath}" doc:name="Set_SOID_Last_Run_File_Path"/>
        <logger message="The last run file path is #[flowVars.soidLastRunFilePath]" level="INFO" doc:name="Log_Last_Run_File_Path"/>
        <set-variable variableName="fromDate" value="" doc:name="Initialize_From_Date_Variable"/>
        <set-variable variableName="ToDate" value="" doc:name="Initialize_To_Date_Variable"/>
        <scripting:transformer doc:name="Set_Date_Variables">
			<scripting:script engine="Groovy"><![CDATA[		import groovy.time.TimeCategory;
					import java.text.DateFormat;
					import java.text.SimpleDateFormat;
					// Setting the date format to match Oracle -- notice hours are in a 24 hour format
					DateFormat dateformat = new SimpleDateFormat("yyyy-MM-dd kk:mm");
					
					def fromDateFile = new File(flowVars.soidLastRunFilePath);
					if (fromDateFile.exists())
					{
						println "The file exists!";
						flowVars.fromDate = fromDateFile.text;
					}
					else
					{
						println "The file does not exist!";
						use( TimeCategory ) {
							def tempFromDate = new Date() - 24.hours;
							flowVars.fromDate = dateformat.format(fromDateFile.text);
						}
					}
					
					def toDate = new Date();
					flowVars.toDate = dateformat.format(toDate);]]></scripting:script>
        </scripting:transformer>
		<logger message="EBS QUERY : SELECT * FROM bolinf.MLC_OSC_CUST_UPDATES_V WHERE Last_Update_Date &gt;= TO_DATE(#[flowVars.fromDate], 'YYYY-MM-DD HH24:MI') AND Last_Update_Date &lt;= TO_DATE(#[flowVars.toDate], 'YYYY-MM-DD HH24:MI')" level="INFO" doc:name="Log_EBS_Query"/>
        <db:select config-ref="EBS_Configuration" doc:name="Retrieve_EBS_SOIDs">
            <db:parameterized-query><![CDATA[SELECT * FROM bolinf.MLC_OSC_ORDER_UPDATES_V WHERE Invoice_Creation_Date >= TO_DATE(#[flowVars.fromDate], 'YYYY-MM-DD HH24:MI') AND Invoice_Creation_Date <= TO_DATE(#[flowVars.toDate], 'YYYY-MM-DD HH24:MI')]]></db:parameterized-query>
        </db:select>
        <logger message="The SOID payload is #[payload]" level="INFO" doc:name="EBS_SOID_Payload_Logger"/>
        <set-variable variableName="totalRecordsToProcess" value="#[message.payload.size()]" doc:name="Set_Records_To_Process_Variable"/>
        <logger message="Total Records to Process #[flowVars.totalRecordsToProcess]" level="INFO" doc:name="Log_Records_To_Process"/>
        <set-session-variable variableName="SOIDErrors" value="#[new java.util.HashMap()]" doc:name="Create_Exception_Hashmap"/>
        <foreach doc:name="For Each">
            <flow-ref name="Process_SOID_To_OSC" doc:name="Insert_SOID_Record"/>
        </foreach>
        <set-variable variableName="totalRecordsInError" value="#[sessionVars.SOIDErrors.size()]" doc:name="Set_Total_Records_In_Error_Variable"/>
        <scripting:transformer mimeType="application/json" doc:name="Build_Email_Text">
            <scripting:script engine="Groovy"><![CDATA[
def totalRecordsProcessed = flowVars['totalRecordsToProcess'] - flowVars['totalRecordsInError'] 
def sb = new StringBuilder();
sb.append('SOID Sync has completed at ');
sb.append(new Date().format("MM/dd/yyyy HH:mm:ss"));
sb.append('<br/><br/>');
sb.append('Total Number of SOIDs Processed : ');
sb.append(totalRecordsProcessed);
sb.append('<br/><br/>');
sb.append('<hr/>');

// don't output the error section if there were no errors
if (flowVars['totalRecordsInError'] > 0)
{
	sb.append('Total SOID Processing Errors:');
	sb.append(flowVars['totalRecordsInError']);
	sb.append('<br/><br/>');
	// Build the error email
	sb.append('SOIDs not synced with Oracle Sales Cloud:');
	sb.append('<br/><br/>');
	sessionVars['SOIDErrors'].each { entry  ->
		sb.append('<b>');
		sb.append('SOIDNumber: ');
		sb.append('</b>');
		sb.append(entry.key);
		sb.append('&nbsp;&nbsp;&nbsp;&nbsp;&nbsp;&nbsp;	');
		sb.append('<b>');
		sb.append('Error: ');
		sb.append('</b>');
		sb.append(entry.value);
		sb.append('<br/>')
	}
}
else{
	sb.append('<br/><br/>');
	sb.append("<b>No errors were encountered while syncing SOIDs.</b>");
}
def emailText = sb.toString();

return emailText;]]></scripting:script>
        </scripting:transformer>
        <smtp:outbound-endpoint  host="${email.host}" port="${email.port}" user="${email.user}" password="${email.password}" connector-ref="Gmail_Out" to="${email.to}" from="${email.from}" subject="SOID Sync to OSC is complete" responseTimeout="10000" doc:name="Send_Confirmation_Email"/>
         <logger message="SOID Insert Email sent successfully..." level="INFO" doc:name="Log_Email_Success"/>
        <scripting:transformer doc:name="Write_Last_Success_Date">
            <scripting:script engine="Groovy"><![CDATA[
// Do not update the LastProcessed date if none of the records were processed.  This scenario is very unlikely.
if (flowVars['totalRecordsInError'] < flowVars['totalRecordsToProcess'])
{
	def toDate = flowVars['ToDate']

	def filePath =flowVars.soidLastRunFilePath
	def file = new File(filePath) 

	file.newWriter().withWriter { w ->
  		w << toDate
		}
}
    
    ]]></scripting:script>
        </scripting:transformer>
        <logger message="OSC SOIDs inserted successfully!" level="INFO" doc:name="Log_SOID_Process_Success"/>
        <choice doc:name="Set_Payload_Choice">
            <when expression="flowVars.totalRecordsInError == 0">
                <set-payload value="SOID Updates Complete With No Errors!" doc:name="Set_Success_Payload"/>
            </when>
            <otherwise>
                <set-payload value="SOID Insert Process Complete with #[flowVars.totalRecordsInError] errors" doc:name="Set_Partial_Success_Payload"/>
            </otherwise>
        </choice>

        <exception-strategy ref="GlobalSOIDExceptionStrategy" doc:name="Reference Exception Strategy"/>
    </flow>
     <flow name="EBS_SINGLE_SOID_TO_OSC">
        <http:listener config-ref="HTTP_Listener_Configuration" path="/soids/{InvoiceNumber}/{SOID}" doc:name="HTTP"/>
        <logger message="The incoming invoice number is #[message.inboundProperties.'http.uri.params'.InvoiceNumber]" level="INFO" doc:name="Log Invoice Number"/>
        <logger message="The incoming SOID number is #[message.inboundProperties.'http.uri.params'.SOID]" level="INFO" doc:name="Log SOID Number"/>
        <set-variable variableName="invoiceNumber" value="#[message.inboundProperties.'http.uri.params'.InvoiceNumber]" doc:name="Set_Invoice_Number_Variable"/>
        <set-variable variableName="soidNumber" value="#[message.inboundProperties.'http.uri.params'.SOID]" doc:name="Set_SOID_Variable"/>
        <db:select config-ref="EBS_Configuration" doc:name="Retrieve_SOID_By_InvoiceNumber_SOID">
            <db:parameterized-query><![CDATA[SELECT * FROM bolinf.MLC_OSC_ORDER_UPDATES_V WHERE SOID = #[flowVars.soidNumber] AND INVOICE_NO = #[flowVars.invoiceNumber]]]></db:parameterized-query>
        </db:select>
        <logger message="The SOID Payload is #[payload]" level="INFO" doc:name="Payload_Logger"/>
        <set-variable variableName="totalRecordsToProcess" value="#[message.payload.size()]" doc:name="Set_Records_To_Process_Variable"/>
        <set-session-variable variableName="SOIDErrors" value="#[new java.util.HashMap()]" doc:name="Create_Exception_Hashmap"/>
        <foreach doc:name="For Each">
        	<flow-ref name="Process_SOID_To_OSC" doc:name="INSERT_SOID_RECORD"/>
        </foreach>
        <set-variable variableName="totalRecordsInError" value="#[sessionVars.SOIDErrors.size()]" doc:name="Set_Total_Records_In_Error_Variable"/>
                <scripting:transformer mimeType="application/json" doc:name="Build_Email_Text">
            <scripting:script engine="Groovy"><![CDATA[			
            
            def sb = new StringBuilder();
            sb.append('Single SOID Sync has completed at ');
			sb.append(new Date().format("MM/dd/yyyy HH:mm:ss"));
			sb.append('<br/><br/>');
			sb.append('<hr/>');
			sb.append('<br/><br/>');
			if (sessionVars['SOIDErrors'].size() > 0)
			{
				sb.append('<b>There was an error while processing the following SOID</b><br/><br/>');
				sb.append('Invoice Number: ');
				sb.append(flowVars['invoiceNumber']);
				sb.append(' SOID:');
				sb.append(flowVars['soidNumber']);
				sb.append('&nbsp;&nbsp;&nbsp;&nbsp;&nbsp;&nbsp;');
				sb.append('Error: ');
				sb.append(sessionVars['SOIDErrors'].get(flowVars['soidNumber']));
			}
			else{
				if(flowVars['totalRecordsToProcess'] > 0)
				{
					sb.append("<b>No errors were encountered while syncing single SOID.</b>");
					sb.append('<br/><br/>');
					sb.append("SOID: ");
					sb.append(flowVars['soidNumber']);
				}
				else
				{
					sb.append("<b>No SOIDs were synced.  The SOID could not be retrieved from the EBS database.</b>");
					sb.append('<br/><br/>');
					sb.append("SOID: ");
					sb.append(flowVars['soidNumber']);
				}
			}
			def emailText = sb.toString();
		
			return emailText;]]></scripting:script>
        </scripting:transformer>
        <smtp:outbound-endpoint  host="${email.host}" port="${email.port}" user="${email.user}" password="${email.password}" connector-ref="Gmail_Out" to="${email.to}" from="${email.from}" subject="Single SOID Sync to OSC is complete" responseTimeout="10000" doc:name="Send_Confirmation_Email"/>
        <logger message="Single SOID Update Email sent successfully..." level="INFO" doc:name="Log_Email_Success"/>
        <logger message="OSC SOID inserted successfully!" level="INFO" doc:name="Log_SOID_Insert_Success"/>
         <choice doc:name="Set_Payload_Choice">
            <when expression="flowVars.totalRecordsInError==0">
                <set-payload value="Single SOID Update Complete With No Errors!" doc:name="Set_Success_Payload"/>
            </when>
            <otherwise>
                <set-payload value="Single SOID Insert Process Complete with #[flowVars.totalRecordsInError] error" doc:name="Set_Partial_Success_Payload"/>
            </otherwise>
        </choice>
        <exception-strategy ref="GlobalSOIDExceptionStrategy" doc:name="Reference Exception Strategy"/>
    </flow>
    
        <choice-exception-strategy name="GlobalSOIDExceptionStrategy">
    	<catch-exception-strategy when="#[exception.causedBy(org.mule.api.MessagingException)]" doc:name="API Not Available Exception">
            <set-payload value="There was an exception while establishing communication with EBS.  No SOID records were processed into OSC.  Please verify that EBS is available.  The exception is :  #[exception]" doc:name="Set Payload"/>
           	<smtp:outbound-endpoint host="${email.host}" port="${email.port}" user="${email.user}" password="${email.password}" connector-ref="Gmail_Out" to="${email.to}" from="${email.from}" subject="SOID Flow API Communication Issue" responseTimeout="10000" doc:name="SMTP"/>
         	<logger message="SOID API Not Available Email sent successfully..." level="INFO" doc:name="Logger"/>
        </catch-exception-strategy>
        <catch-exception-strategy when="#[exception.causedBy(org.mule.module.http.internal.request.ResponseValidatorException)]" doc:name="Catch Response Errors">
            <set-payload value="There was an error mapping the result returned from EBS.  No SOID records were processed into OSC.  Please verify EBS is returning a valid result.  The exception is  : #[exception]" doc:name="Set Payload"/>
           	<smtp:outbound-endpoint host="${email.host}" port="${email.port}" user="${email.user}" password="${email.password}" connector-ref="Gmail_Out" to="${email.to}" from="${email.from}" subject="SOID Flow Data Request Mapping Issue" responseTimeout="10000" doc:name="SMTP"/>
         	<logger message="Account Update Global Mapping Email sent successfully..." level="INFO" doc:name="Logger"/>
        </catch-exception-strategy>
        <catch-exception-strategy doc:name="Catch Unknown Errors">
       		<set-payload value="There was an error in the SOID workflow.  No SOID records were processed into OSC.  Please use the following exception to determine the cause of the issue and re-run the SOID integration : #[exception]" doc:name="Set Payload"/>
           	<smtp:outbound-endpoint host="${email.host}" port="${email.port}" user="${email.user}" password="${email.password}" connector-ref="Gmail_Out" to="${email.to}" from="${email.from}" subject="SOID Flow Unknown Issue" responseTimeout="10000" doc:name="SMTP"/>
         	<logger message="SOID Update Global Generic Email sent successfully..." level="INFO" doc:name="Logger"/>
        </catch-exception-strategy>
    </choice-exception-strategy>
    <flow name="Ping_Test">
        <http:listener config-ref="HTTP_Listener_Configuration" path="/ping" doc:name="HTTP"/>
        <set-payload value="The EBS to OSC workflow is available" doc:name="Set Payload"/>
        <smtp:outbound-endpoint host="${email.host}" port="${email.port}" user="${email.user}" password="${email.password}" connector-ref="Gmail_Out" to="${email.to}" from="${email.from}" subject="Ping Test" responseTimeout="10000" doc:name="SMTP"/>
    </flow>
</mule>
